title,link,salary,company,area,update_time,exp_title
高中英语教师(骨干教师),/jobs_view_563132.html,30W/年,云南省祥云县祥华中学,大理-祥云县,04-22,本科/3年以上
高中英语应届优秀毕业生,/jobs_view_685693.html,12-18W/年,义乌市新义中学（浙江义乌外国语学校（筹））,金华-义乌市,04-22,本科/应届生
高中英语教师(骨干教师),/jobs_view_619238.html,12-20K/月,合肥及第教育科技有限公司经开分公司,合肥-经济技术开发区,04-22,本科/10年以上
高中英语骨干教师（下载报名表填写回传有效）(骨干教师),/jobs_view_556597.html,20-26W/年,肇庆博纳实验学校,肇庆-高要区,04-22,本科/10年以上
高中英语教师(骨干教师),/jobs_view_670496.html,18-25W/年,共青城博雅学校,九江-共青城市,04-22,本科/5年以上
高中英语教师(青年教师),/jobs_view_673595.html,12-18W/年,浦城荣华实验高中,南平-浦城县,04-22,本科/3年以上
高中英语教师(青年教师),/jobs_view_696944.html,12-22W/年,厦门康桥中学,厦门-思明区,04-22,本科/1年以上
高中英语教师,/jobs_view_582006.html,20-40W/年,衢州市乐成寄宿中学,衢州-衢江区,04-21,本科/3年以上
高中英语教师,/jobs_view_727546.html,20-30W/年,弥渡实验中学,大理-弥渡县,04-18,本科/5年以上
高中英语教师(骨干教师),/jobs_view_748985.html,8-15W/年,湖北黄冈市红安国际育才实验学校,黄冈-红安县,04-18,本科/3年以上
高中英语教师(骨干教师),/jobs_view_651051.html,15-30W/年,温州市越秀学校,温州-龙湾区,04-22,本科/1年以上
高中英语教师(青年教师),/jobs_view_120831.html,9-18W/年,广西希望高中,南宁-武鸣区,04-22,本科/1年以上
高中英语教师(应届生),/jobs_view_694838.html,11-16W/年,浙江省台州市外国语学校,台州-椒江区,04-22,本科/应届生
高中英语教师(骨干教师),/jobs_view_694853.html,13-22W/年,浙江省台州市外国语学校,台州-椒江区,04-22,本科/4年以上
高中英语教师(学科带头人),/jobs_view_694864.html,20-30W/年,浙江省台州市外国语学校,台州-椒江区,04-22,本科/9年以上
高中英语教师(骨干教师),/jobs_view_736494.html,12-24W/年,广东省普宁市勤建学校,揭阳-普宁市,04-22,本科/1年以上
高中英语教师(青年教师),/jobs_view_749661.html,10-20K/月,云南省祥云县祥华中学,大理-祥云县,04-22,本科/经验不限
高中英语教师,/jobs_view_50710.html,25-30K/月,普宁新世界中英文学校,揭阳-普宁市,04-22,本科/1年以上
高中英语教师(学科带头人),/jobs_view_757066.html,20-25W/年,浙江诸暨荣怀学校,绍兴-诸暨市,04-22,本科/10年以上
高中英语教师(专家级名师),/jobs_view_757071.html,25-35W/年,浙江诸暨荣怀学校,绍兴-诸暨市,04-22,大专/10年以上
高中英语教师(骨干教师),/jobs_view_757073.html,15-20W/年,浙江诸暨荣怀学校,绍兴-诸暨市,04-22,本科/5年以上
高中英语教师(应届生),/jobs_view_757051.html,8-12K/月,浙江诸暨荣怀学校,绍兴-诸暨市,04-22,本科/应届生
高中英语教师,/jobs_view_701354.html,10-20W/年,武汉睿升学校,武汉-东西湖区,04-22,本科/1年以上
高中英语教师(高三优先),/jobs_view_623311.html,30-45W/年,浙江省苍南县树人学校,温州-苍南县,04-22,本科/6年以上
高中英语教师(优秀在职),/jobs_view_695148.html,15-30W/年,四川省广元外国语学校,广元-利州区,04-22,本科/3年以上
高中英语教师(骨干教师),/jobs_view_120256.html,4-6K/月,长葛市第三实验高级中学,许昌-长葛市,04-22,本科/经验不限
高中英语老师(青年教师),/jobs_view_364991.html,8-16K/月,湖北省十堰外国语学校,十堰-茅箭区,04-22,本科/经验不限
高中英语教师,/jobs_view_162114.html,15-30W/年,广州市黄广中学,广州-花都区,04-22,本科/3年以上
高中英语教师(青年教师),/jobs_view_756843.html,15-20K/月,毕节弘文中学,毕节-七星关区,04-22,本科/3年以上
高中英语教师(应届生),/jobs_view_756834.html,8-10K/月,毕节弘文中学,毕节-七星关区,04-22,本科/应届生
高中英语教师(青年教师)（5月7日校内招聘会,/jobs_view_621259.html,5-8K/月,合肥中汇实验学校,合肥-新站区,04-22,本科/1年以上
高中英语教师(骨干教师)5月7日校内招聘会,/jobs_view_168805.html,5-8K/月,合肥中汇实验学校,合肥-新站区,04-22,本科/3年以上
高中英语教师(青年教师)5月7日校内招聘会,/jobs_view_613731.html,5-8K/月,合肥中汇实验学校,合肥-新站区,04-22,本科/1年以上
高中英语教师(成熟教师),/jobs_view_620003.html,18-30W/年,四川省宜宾市翠屏区棠湖学校,宜宾-翠屏区,04-22,本科/3年以上
高中英语教师(青年教师),/jobs_view_619984.html,18-30W/年,四川省宜宾市翠屏区棠湖学校,宜宾-翠屏区,04-22,本科/应届生
高中英语教师,/jobs_view_173458.html,15-25W/年,宁波华茂教育集团,宁波-鄞州区,04-22,本科/1年以上
高中英语教师实习生(应届生),/jobs_view_737941.html,1.8-2K/月,宁波华茂教育集团,宁波-鄞州区,04-22,本科/应届生
高中英语教师(青年教师),/jobs_view_673908.html,13-22W/年,浙江台州东方理想学校,台州-路桥区,04-22,本科/4年以上
高中英语教师(应届生),/jobs_view_673878.html,11-16W/年,浙江台州东方理想学校,台州-路桥区,04-22,本科/应届生
高中英语教师(骨干教师),/jobs_view_673930.html,20-30W/年,浙江台州东方理想学校,台州-路桥区,04-22,本科/6年以上
高中英语教师(骨干教师),/jobs_view_328843.html,20-28W/年,广州市庆丰实验学校,广州-白云区,04-22,本科/2年以上
高中英语教师(应届生),/jobs_view_744605.html,20-23W/年,广东省廉江市实验学校,湛江-廉江市,04-22,本科/应届生
高中英语教师(在职教师),/jobs_view_744584.html,26-50W/年,广东省廉江市实验学校,湛江-廉江市,04-22,本科/3年以上
高中英语教师,/jobs_view_367645.html,10-20W/年,东阳花园外国语学校,金华-东阳市,04-22,本科/经验不限
高中英语教师,/jobs_view_491467.html,6-12K/月,淮安市阳光学校,淮安-淮阴区,04-22,本科/1年以上
高中英语教师(应届生、在职教师都欢迎)（年薪10-60万）,/jobs_view_707388.html,10-20W/年,大悟天有实验学校,孝感-大悟县,04-22,本科/1年以上
高中英语教师,/jobs_view_612452.html,7.5-15W/年,江西余干县蓝天实验学校,上饶-余干县,04-22,本科/1年以上
高中英语教师(骨干教师),/jobs_view_544614.html,15-30W/年,六盘水市培文学校,六盘水-钟山区,04-22,本科/3年以上
高中英语教师,/jobs_view_622934.html,12-20K/月,深圳市耀华实验学校,深圳-福田区,04-22,本科/1年以上
数理学院英语教师(骨干教师),/jobs_view_640872.html,30-40W/年,深圳市耀华实验学校,深圳-福田区,04-22,本科/3年以上
高中英语（骨干教师）,/jobs_view_598409.html,15-20K/月,济南市天山实验高级中学,济南-济阳区,04-22,本科/5年以上
名师优师高中英语教师,/jobs_view_469010.html,10-20W/年,义乌复旦实验学校,金华-义乌市,04-22,本科/2年以上
高中英语教师,/jobs_view_298316.html,10-17K/月,乐清市外国语学校,温州-乐清市,04-22,本科/3年以上
高中英语教师(青年教师),/jobs_view_748788.html,10-20K/月,乐清市外国语学校,温州-乐清市,04-22,本科/经验不限
高中英语教师(专家级名师),/jobs_view_746902.html,20-30W/年,漳州康桥学校,漳州-龙海区,04-22,本科/6年以上
高中英语教师(合格教师),/jobs_view_590555.html,9-18K/月,海口嘉勋高级中学,海口-琼山区,04-22,本科/1年以上
高中英语教师(骨干教师)编制,/jobs_view_767081.html,公办教师待遇,北京师范大学南川实验学校,重庆-南川区,04-22,本科/1年以上
高中英语教师编制(青年教师)编制,/jobs_view_767091.html,0.8K/月,北京师范大学南川实验学校,重庆-南川区,04-22,本科/1年以上
高中英语教师,/jobs_view_562758.html,10-20W/年,昆一中度假区分校（金岸中学）,云南-昆明,04-22,本科/3年以上
高中英语教师,/jobs_view_579588.html,20-40W/年,广州市黄广附属学校,广州-增城区,04-22,本科/3年以上
高中英语教师(应届生),/jobs_view_644707.html,7-12W/年,新蔡县明英高级中学,驻马店-新蔡县,04-22,本科/应届生
高中英语教师(青年教师),/jobs_view_330780.html,18-35W/年,博罗县东江博雅学校,惠州-博罗县,04-22,本科/1年以上
高中英语教师(青年、骨干教师),/jobs_view_743669.html,15-30K/月,苏州市相城区苏城外国语学校,苏州-相城区,04-22,本科/5年以上
高中英语教师(首席教师),/jobs_view_743658.html,20-40K/月,苏州市相城区苏城外国语学校,苏州-相城区,04-22,本科/10年以上
高中英语老师（雅思托福方向）,/jobs_view_408561.html,10-20W/年,苏州市相城区苏城外国语学校,苏州-相城区,04-22,硕士/3年以上
高中英语教师(青年教师),/jobs_view_730260.html,10-20W/年,张家口下花园区燕园高级中学,张家口-下花园区,04-22,本科/1年以上
高中英语教师(须知：请登学校官网招师登记报名http://www.zslcyh.com不接受其它简历,/jobs_view_674399.html,20-40W/年,舟山绿城育华学校,舟山-定海区,04-22,本科/2年以上
高中英语教师(应届生),/jobs_view_706843.html,8-15W/年,惠州大亚湾区博雅培文实验学校,广东-惠州,04-22,本科/应届生
高中英语教师储备岗,/jobs_view_706891.html,20-30W/年,惠州大亚湾区博雅培文实验学校,广东-惠州,04-22,本科/6年以上
高中英语老师,/jobs_view_379342.html,13-25W/年,广州市花都区黄广小学,广州-花都区,04-22,本科/3年以上
高中英语教师(骨干/青年教师),/jobs_view_670227.html,15-30W/年,福州市赛德文高级中学,福州-长乐区,04-22,本科/2年以上
高中英语教师(青年教师),/jobs_view_769958.html,10-20W/年,云天化中学,昭通-水富市,04-22,本科/经验不限
高中英语教师(骨干教师),/jobs_view_769967.html,15-30W/年,云天化中学,昭通-水富市,04-22,本科/6年以上
高中英语教师(年薪8-25万),/jobs_view_694489.html,8-16W/年,耒阳市杜甫学校,衡阳-耒阳市,04-22,本科/1年以上
高中英语教师,/jobs_view_757270.html,15-30W/年,江西省吉安文博学校,吉安-吉安县,04-22,本科/3年以上
高中英语教师(骨干教师),/jobs_view_723474.html,20-35W/年,彭州市宏德学校,成都-彭州市,04-22,本科/1年以上
高中英语教师(年薪20-35万),/jobs_view_719465.html,20-35W/年,彭州市宏德学校,成都-彭州市,04-22,本科/1年以上
高中英语教师(骨干教师),/jobs_view_697428.html,15-30W/年,平潭赛尔双语学校,福州-平潭县,04-22,本科/经验不限
高中英语教师(骨干教师),/jobs_view_738388.html,15-30W/年,平潭赛尔双语学校,福州-平潭县,04-22,本科/3年以上
高中英语教师(骨干教师),/jobs_view_574050.html,13-26W/年,广州市增城区华商外语实验学校,广州-增城区,04-22,本科/3年以上
高中英语教师(骨干教师),/jobs_view_712519.html,9-12K/月,三河市燕桥学校（小学、中学）,廊坊-三河市,04-22,本科/6年以上
高中英语教师(优秀教师),/jobs_view_676095.html,8-12W/年,来宾培文学校,来宾-兴宾区,04-22,本科/1年以上
高中英语教师(J11032)	(应届生),/jobs_view_745695.html,5-7K/月,来宾培文学校,来宾-兴宾区,04-22,本科/应届生
高中英语教师(骨干教师),/jobs_view_676120.html,12-20W/年,来宾培文学校,来宾-兴宾区,04-22,本科/3年以上
高中英语教师(学科带头人),/jobs_view_621533.html,15-18K/月,汕头市澄海黄冈学校,汕头-澄海区,04-22,本科/3年以上
高中英语教师(骨干教师),/jobs_view_667250.html,15-18K/月,汕头市澄海黄冈学校,汕头-澄海区,04-22,本科/3年以上
高中英语教师(名优教师)（年薪10-25万）,/jobs_view_679057.html,10-20W/年,保山市天立学校,保山-隆阳区,04-22,本科/3年以上
高中英语教师,/jobs_view_749009.html,8-16K/月,济南市章丘区新世纪博雅实验学校,济南-章丘区,04-22,本科/3年以上
高中英语教师(青年教师),/jobs_view_578192.html,10-20W/年,江西赫威斯高级中学,南昌-新建区,04-22,本科/1年以上
国际高中英语教师(合格教师),/jobs_view_578191.html,10-20W/年,江西赫威斯高级中学,南昌-新建区,04-22,本科/1年以上
高中英语教师(骨干教师),/jobs_view_578224.html,20-40W/年,江西赫威斯高级中学,南昌-新建区,04-22,本科/3年以上
高中英语教师,/jobs_view_578109.html,15-30W/年,德清县华盛达外语学校,湖州-德清县,04-22,本科/经验不限
高中英语教师（特聘教师）(学科带头人),/jobs_view_534249.html,25-35W/年,上海新纪元教育管理有限公司（云南）,昆明-西山区,04-22,本科/5年以上
高中英语老师(骨干教师),/jobs_view_555236.html,10-20W/年,上海新纪元教育管理有限公司（云南）,昆明-西山区,04-22,本科/3年以上
高中英语教师（青年教师）,/jobs_view_586889.html,6-10W/年,上海新纪元教育管理有限公司（云南）,昆明-西山区,04-22,本科/1年以上
高中英语骨干教师,/jobs_view_570766.html,30-60W/年,东莞市丰泰外国语实验高级中学,广东-东莞,04-22,本科/10年以上
高中英语教师(骨干教师),/jobs_view_740442.html,15-20W/年,贵阳清镇北大培文学校,贵阳-清镇市,04-22,本科/3年以上
高中英语教师(应届生),/jobs_view_639257.html,6-12W/年,贵阳清镇北大培文学校,贵阳-清镇市,04-22,本科/应届生
高中英语教师(优秀在职教师),/jobs_view_639271.html,10-15W/年,贵阳清镇北大培文学校,贵阳-清镇市,04-22,本科/1年以上
高中英语教师,/jobs_view_540361.html,20-40W/年,东莞市丰泰外国语实验高级中学,广东-东莞,04-22,本科/6年以上
高中英语教师(青年教师),/jobs_view_763536.html,8-16W/年,彝良县天立学校,昭通-彝良县,04-22,本科/应届生
高中英语教师(成熟教师),/jobs_view_763543.html,12-24W/年,彝良县天立学校,昭通-彝良县,04-22,本科/3年以上
高中英语教师,/jobs_view_642710.html,8-12W/年,舞钢新时代国际学校,平顶山-舞钢市,04-22,本科/1年以上
高中英语教师(应届生/骨干/教练),/jobs_view_594604.html,15-30W/年,怀化市郡永实验学校,怀化-鹤城区,04-22,本科/应届生
高中英语教师(骨干教师),/jobs_view_594625.html,20-30W/年,怀化市郡永实验学校,怀化-鹤城区,04-22,本科/3年以上
高中英语教师,/jobs_view_759260.html,20-24W/年,徐州普学汇志学校,徐州-铜山区,04-22,本科/3年以上
高中英语教师(应届生),/jobs_view_762146.html,6K/月,徐州普学汇志学校,徐州-铜山区,04-22,硕士/经验不限
高中英语教师(青年教师),/jobs_view_604543.html,5-10W/年,梧州市培文学校,梧州-万秀区,04-22,本科/1年以上
高中英语教师(骨干教师),/jobs_view_604488.html,12-24W/年,梧州市培文学校,梧州-万秀区,04-22,本科/3年以上
高中英语教师(青年教师),/jobs_view_739845.html,10-20W/年,资阳天立学校,资阳-雁江区,04-22,本科/2年以上
高中英语教师(成熟教师),/jobs_view_616276.html,20-35W/年,资阳天立学校,资阳-雁江区,04-22,本科/6年以上
高中英语教师(骨干教师),/jobs_view_766465.html,30-60W/年,广州源雅学校,广州-白云区,04-22,本科/5年以上
高中英语教师,/jobs_view_714593.html,10-15W/年,淮滨县新时代学校,信阳-淮滨县,04-22,本科/1年以上
高中英语教师(骨干教师),/jobs_view_646014.html,15-30W/年,瓮安县实验中学,黔南州-瓮安县,04-22,本科/10年以上
高中英语教师(青年教师),/jobs_view_672969.html,6-8K/月,瓮安县实验中学,黔南州-瓮安县,04-22,本科/3年以上
高中英语教师(骨干教师),/jobs_view_697344.html,15-25W/年,九江市鹏宁高级中学,九江-修水县,04-22,本科/3年以上
高中英语教师(骨干教师),/jobs_view_694003.html,25-50W/年,潮州市暨实高级中学,潮州-饶平县,04-22,本科/8年以上
高中英语教师(专职教师),/jobs_view_693993.html,15-25W/年,潮州市暨实高级中学,潮州-饶平县,04-22,本科/经验不限
高中英语教师(优秀教师年薪9-22万),/jobs_view_764911.html,9-18W/年,南充燕园金秋高级中学,南充-营山县,04-22,本科/经验不限
高中英语教师(名优教师年薪25-35万),/jobs_view_764922.html,25-35W/年,南充燕园金秋高级中学,南充-营山县,04-22,本科/6年以上
高中英语教师(清北名师，薪资面议),/jobs_view_753154.html,30-60W/年,雅安市江南综合高中（筹）,雅安-雨城区,04-22,本科/8年以上
高中英语教师,/jobs_view_735880.html,8-16W/年,江永县金海明礼学校,永州-江永县,04-22,本科/2年以上
高中英语教师(青年教师),/jobs_view_753132.html,10-15W/年,雅安市江南综合高中（筹）,雅安-雨城区,04-22,本科/经验不限
高中英语教师(骨干教师),/jobs_view_753145.html,20-30W/年,雅安市江南综合高中（筹）,雅安-雨城区,04-22,本科/6年以上
高中英语教师,/jobs_view_751154.html,6-10W/年,元阳县第二中学实验高中（筹）,红河州-元阳县,04-22,本科/应届生
高中英语教师(骨干教师),/jobs_view_751167.html,12-18W/年,元阳县第二中学实验高中（筹）,红河州-元阳县,04-22,硕士/3年以上
高中英语教师(学科带头人),/jobs_view_751180.html,15-25W/年,元阳县第二中学实验高中（筹）,红河州-元阳县,04-22,博士/5年以上
高中英语教师(青年教师或应届生),/jobs_view_756534.html,7-14W/年,张家口衡实成博中学,张家口-桥西区,04-22,本科/经验不限
高中英语教师（优秀教师）,/jobs_view_756556.html,12-24W/年,张家口衡实成博中学,张家口-桥西区,04-22,本科/3年以上
高中英语教师(骨干教师),/jobs_view_756568.html,20-30W/年,张家口衡实成博中学,张家口-桥西区,04-22,本科/6年以上
高中英语教师（首席教师）,/jobs_view_756581.html,30-50W/年,张家口衡实成博中学,张家口-桥西区,04-22,本科/6年以上
高中英语教师,/jobs_view_621445.html,6-12K/月,临沂明谷高中,临沂-沂南县,04-22,本科/经验不限
高中英语教师（年薪6-25万）,/jobs_view_438321.html,8-16W/年,清镇市北大附属实验学校,贵阳-清镇市,04-22,本科/应届生
高中英语教师(青年教师),/jobs_view_624940.html,8-12W/年,德州陵城睿聪实验学校,德州-陵城区,04-22,本科/1年以上
高中英语教师,/jobs_view_623707.html,8.5-13K/月,瑞昌市私立黄冈高级中学,九江-瑞昌市,04-22,本科/1年以上
高三英语老师,/jobs_view_623706.html,10-15K/月,瑞昌市私立黄冈高级中学,九江-瑞昌市,04-22,本科/1年以上
高中英语教师,/jobs_view_637464.html,10-20W/年,汕头市潮南新发中英文学校,汕头-潮南区,04-22,本科/3年以上
高中英语教师(骨干教师),/jobs_view_624955.html,15-30W/年,德州陵城睿聪实验学校,德州-陵城区,04-22,本科/5年以上
高中英语教师(骨干教师),/jobs_view_722072.html,15-26W/年,漳州康桥学校,漳州-龙海区,04-22,本科/3年以上
高中英语教师（年薪10-35万）(专家级名师),/jobs_view_506188.html,10-20W/年,日照天立学校,日照-五莲县,04-22,本科/3年以上
高中英语教师(骨干教师),/jobs_view_748668.html,25-40W/年,梅州市外语实验学校,梅州-梅县区,04-22,本科/8年以上
高中英语教师(优秀教师),/jobs_view_748671.html,20-25W/年,梅州市外语实验学校,梅州-梅县区,04-22,本科/5年以上
高三英语师(骨干教师),/jobs_view_727325.html,15-25W/年,广州市华耀文化有限公司 ,广州-白云区,04-22,本科/5年以上
高中英语教师,/jobs_view_445778.html,8-12K/月,广州市西关外国语学校,广州-荔湾区,04-22,本科/经验不限
高中英语教师(学科带头人),/jobs_view_726051.html,18-20K/月,广州市卓越里程教育科技有限公司,广州-花都区,04-22,本科/10年以上
高三英语老师（全日制学校）(骨干教师),/jobs_view_305354.html,12-15K/月,广州市卓越里程教育科技有限公司,广州-海珠区,04-22,本科/2年以上
全日制艺体生英语教师(青年教师),/jobs_view_500317.html,13-18K/月,广州市卓越里程教育科技有限公司,广州-海珠区,04-22,本科/1年以上
高中英语教师(全日制),/jobs_view_656359.html,15-20K/月,广州市卓越里程教育科技有限公司,深圳-南山区,04-22,本科/1年以上
全日制高三英语教师-广州-21届校招,/jobs_view_564871.html,10-12K/月,广州市卓越里程教育科技有限公司,广东-广州,04-22,本科/应届生
高中英语老师,/jobs_view_564584.html,10-15W/年,广州市卓越里程教育科技有限公司,广东-广州,04-22,本科/1年以上
高四复读班英语教师(全日制),/jobs_view_679084.html,15-20K/月,广州市卓越里程教育科技有限公司,广州-越秀区,04-22,本科/2年以上
高中英语教师,/jobs_view_564385.html,8-15K/月,广州市卓越里程教育科技有限公司,广州-越秀区,04-22,本科/1年以上
高中英语教师,/jobs_view_276390.html,4-5K/月,广州市卓越里程教育科技有限公司,广东-佛山,04-22,大专/经验不限
高中英语教师(合格教师),/jobs_view_588350.html,15-20K/月,广州市卓越里程教育科技有限公司,深圳-南山区,04-22,本科/3年以上
高中英语教师,/jobs_view_39966.html,9-14K/月,乐清市精益中学,温州-乐清市,04-22,本科/1年以上
高中英语教师,/jobs_view_119922.html,7.5-15K/月,天津英华实验学校,天津-武清区,04-22,本科/3年以上
高中英语首席教师,/jobs_view_381046.html,30-40W/年,天津英华实验学校,天津-武清区,04-22,本科/6年以上
高中英语教师(在职优秀教师),/jobs_view_579376.html,30-60W/年,义乌公学,金华-义乌市,04-22,本科/6年以上
高中英语教师（艺高）,/jobs_view_709883.html,10-20K/月,南京金地未来学校,南京-浦口区,04-22,本科/5年以上
高中英语教师,/jobs_view_647494.html,18-36W/年,厦门市华师希平双语学校,厦门-湖里区,04-22,本科/6年以上
IGCSE&A-LEVEL英语老师,/jobs_view_650730.html,13-26W/年,厦门市华师希平双语学校,厦门-湖里区,04-22,硕士/3年以上
高中英语教师(骨干教师）,/jobs_view_733752.html,18-35W/年,玉林新世纪教育城（小、初、高）,玉林-北流市,04-22,本科/3年以上
高中英语教师(应届生),/jobs_view_675087.html,8-15W/年,玉林新世纪教育城（小、初、高）,玉林-北流市,04-22,本科/应届生
高中英语教师(青年教师),/jobs_view_742983.html,12-18W/年,玉林新世纪教育城（小、初、高）,玉林-北流市,04-22,本科/经验不限
高中英语教师(骨干教师),/jobs_view_659824.html,18-35W/年,玉林新世纪教育城（小、初、高）,玉林-北流市,04-22,本科/3年以上
高中英语教师(高三骨干教师),/jobs_view_688731.html,25-30W/年,襄阳市耀襄高级中学,襄阳-襄城区,04-22,本科/3年以上
高中英语教师(一本大学及以上）,/jobs_view_701253.html,10-12W/年,襄阳市耀襄高级中学,襄阳-襄城区,04-22,本科/应届生
高中英语教师(青年教师),/jobs_view_707703.html,8-15W/年,曲阜孔子高级中学,济宁-曲阜市,04-22,本科/应届生
高中英语教师(骨干教师),/jobs_view_707718.html,15-30W/年,曲阜孔子高级中学,济宁-曲阜市,04-22,本科/6年以上
高中英语老师,/jobs_view_733674.html,200-300元/课时,贵州嘉优达科技有限公司,贵阳-观山湖区,04-22,本科/3年以上
高中英语教师(专家级名师),/jobs_view_702680.html,10-16K/月,贵阳传习中学,贵阳-清镇市,04-22,本科/7年以上
高中英语教师(骨干教师),/jobs_view_769214.html,15-25W/年,兴义市兴铭高中,黔西南州-兴义市,04-22,本科/1年以上
高中英语教师(骨干教师),/jobs_view_722045.html,17-34W/年,河源市新河实验学校,河源-源城区,04-22,本科/3年以上
高中英语教师(青年教师),/jobs_view_672293.html,9-11W/年,黄冈天有高级中学,黄冈-武穴市,04-22,本科/1年以上
高中英语教师(骨干教师),/jobs_view_671063.html,13-15W/年,黄冈天有高级中学,黄冈-武穴市,04-22,本科/3年以上
高中英语教师(应届生),/jobs_view_704190.html,15-18W/年,义乌市树人中学,金华-义乌市,04-22,本科/应届生
高中英语教师(优秀在职教师),/jobs_view_704202.html,30-50W/年,义乌市树人中学,金华-义乌市,04-22,本科/5年以上
高中英语教师(特优名师),/jobs_view_718098.html,40-55W/年,浙江乐清市知临中学,温州-乐清市,04-22,本科/10年以上
高中英语教师(骨干教师),/jobs_view_328428.html,20-40W/年,浙江乐清市知临中学,温州-乐清市,04-22,本科/3年以上
高中英语教师(骨干教师),/jobs_view_53508.html,15-25W/年,瑞安市安阳高级中学,温州-瑞安市,04-22,本科/3年以上
高中英语教师,/jobs_view_64822.html,10-18W/年,贵阳市白云兴农中学,贵阳-白云区,04-22,本科/1年以上
高中英语教师,/jobs_view_702428.html,30-50W/年,汕头市潮阳实验学校,汕头-潮阳区,04-22,本科/3年以上
高中英语教师,/jobs_view_238560.html,17-25W/年,海亮教育管理集团,绍兴-诸暨市,04-22,本科/应届生
高中英语教师（广西天等）,/jobs_view_754318.html,7-14W/年,海亮教育管理集团,绍兴-诸暨市,04-22,本科/经验不限
高中英语教师(专家级名师),/jobs_view_733654.html,25-40K/月,海亮教育管理集团,绍兴-诸暨市,04-22,大专/10年以上
高中英语教师(学科带头人),/jobs_view_701540.html,20-26K/月,海亮教育管理集团,绍兴-诸暨市,04-22,本科/5年以上
高中英语教师(云浮校区）,/jobs_view_740722.html,10-15K/月,广东光正教育集团有限公司,广东-东莞,04-22,本科/2年以上
高中英语教师（东莞市光明中学）,/jobs_view_193000.html,10-15K/月,广东光正教育集团有限公司,广东-东莞,04-22,本科/2年以上
高中英语教师(骨干教师),/jobs_view_685604.html,23-40W/年,佛山市惟德外国语实验学校,佛山-高明区,04-22,本科/3年以上
高中英语教师(青年教师),/jobs_view_685590.html,17-23W/年,佛山市惟德外国语实验学校,佛山-高明区,04-22,本科/1年以上
高中英语教师(骨干教师),/jobs_view_757893.html,25-50W/年,永康外国语学校,金华-永康市,04-22,本科/6年以上
高中英语教师(应届生),/jobs_view_685085.html,15-30W/年,温州东瓯中学,温州-龙湾区,04-22,本科/应届生
高中英语教师,/jobs_view_681845.html,15-30W/年,温州东瓯中学,温州-龙湾区,04-22,本科/1年以上
高中英语教师(名师骨干教师),/jobs_view_763167.html,20-35W/年,阳江市阳东正雅学校,阳江-阳东区,04-22,本科/8年以上
高中英语教师(成熟教师),/jobs_view_763158.html,18-20W/年,阳江市阳东正雅学校,阳江-阳东区,04-22,本科/3年以上
高中英语教师,/jobs_view_499019.html,11-22W/年,浙江育英教育集团,杭州-钱塘区,04-22,本科/3年以上
高中英语教师(骨干教师),/jobs_view_613080.html,18-35W/年,广东北江实验学校,韶关-武江区,04-22,本科/3年以上
高中英语教师(合格教师),/jobs_view_413495.html,7-14W/年,钦州市共美学校,钦州-钦南区,04-22,本科/3年以上
高中英语教师(4月20日青年教师),/jobs_view_690793.html,10-15K/月,钦州市共美学校,钦州-钦南区,04-22,本科/1年以上
高中英语教师(年薪10-25万),/jobs_view_695787.html,10-20W/年,钦州市共美学校,钦州-钦南区,04-22,本科/2年以上
高中英语教师(优秀教师)（年薪10-25万）,/jobs_view_705005.html,10-20W/年,钦州市共美学校,钦州-钦南区,04-22,本科/2年以上
高中英语教师(应届生),/jobs_view_704999.html,7-12W/年,钦州市共美学校,钦州-钦南区,04-22,本科/应届生
高中英语教师(专家级名师)（年薪10-25万）,/jobs_view_705023.html,10-20W/年,钦州市共美学校,钦州-钦南区,04-22,本科/2年以上
高中英语教师(学科带头人)（年薪10-25万）,/jobs_view_705017.html,10-20W/年,钦州市共美学校,钦州-钦南区,04-22,本科/5年以上
高中英语教师(骨干教师)（年薪10-25万）,/jobs_view_705011.html,10-20W/年,钦州市共美学校,钦州-钦南区,04-22,本科/2年以上
高中英语教师(学科带头人),/jobs_view_689484.html,35-55W/年,浙江宏达教育集团,嘉兴-海宁市,04-22,本科/8年以上
高中英语教师(骨干教师),/jobs_view_689462.html,15-30W/年,浙江宏达教育集团,嘉兴-海宁市,04-22,本科/3年以上
高中英语教师(青年教师),/jobs_view_689438.html,11-15W/年,浙江宏达教育集团,嘉兴-海宁市,04-22,本科/应届生
高中英语教师(优秀在职教师),/jobs_view_600625.html,12-18W/年,驼人新城高级中学,新乡-长垣市,04-22,本科/5年以上
高中英语教师(应届生),/jobs_view_600608.html,7-14W/年,驼人新城高级中学,新乡-长垣市,04-22,硕士/应届生
高中英语教师(骨干教师),/jobs_view_681809.html,15-30K/月,南昌市复兴外国语学校,南昌-新建区,04-22,本科/5年以上
高中英语教师(骨干教师),/jobs_view_581692.html,14-28W/年,洪湖市天立学校,荆州-洪湖市,04-22,本科/1年以上
高中英语教师(应届生),/jobs_view_754776.html,9-16K/月,保定明大高级中学,保定-清苑区,04-22,本科/应届生
高中英语教师(学科带头人),/jobs_view_754857.html,15-30W/年,保定明大高级中学,保定-清苑区,04-22,本科/6年以上
高中英语教师(优秀教师),/jobs_view_754830.html,15-30W/年,保定明大高级中学,保定-清苑区,04-22,本科/1年以上
高中英语教师(骨干/高级/特级教师),/jobs_view_619935.html,15-30W/年,保定明大高级中学,保定-清苑区,04-22,本科/6年以上
高中英语教师(本科应届生),/jobs_view_749376.html,8-15W/年,徐闻县梅溪实验学校,湛江-徐闻县,04-22,本科/应届生
高中英语教师(研究生应届生),/jobs_view_749410.html,10-18W/年,徐闻县梅溪实验学校,湛江-徐闻县,04-22,硕士/应届生
高中英语教师(骨干教师)（年薪10-30万）,/jobs_view_749425.html,10-20W/年,徐闻县梅溪实验学校,湛江-徐闻县,04-22,本科/8年以上
高中英语教师(青年教师),/jobs_view_762419.html,8-16W/年,毕节格瑞高级中学,贵州-毕节,04-22,本科/经验不限
高中英语教师(骨干教师),/jobs_view_762420.html,15-30W/年,毕节格瑞高级中学,贵州-毕节,04-22,本科/10年以上
高中英语教师(骨干教师),/jobs_view_712761.html,20-30W/年,宾县桃李高级中学,哈尔滨-宾县,04-22,本科/6年以上
高中英语教师,/jobs_view_697543.html,8-12W/年,宾县桃李高级中学,哈尔滨-宾县,04-22,本科/1年以上
高中英语教师(应届生),/jobs_view_760249.html,8-10W/年,海南寰岛高级中学,海口-美兰区,04-22,本科/应届生
高中英语教师(青年教师),/jobs_view_760262.html,10-13W/年,海南寰岛高级中学,海口-美兰区,04-22,本科/1年以上
高中英语教师(名优教师),/jobs_view_760273.html,13-18W/年,海南寰岛高级中学,海口-美兰区,04-22,本科/5年以上
高中英语教师(骨干教师),/jobs_view_760673.html,18-20W/年,海南寰岛高级中学,海口-美兰区,04-22,本科/5年以上
高中英语教师(学科带头人),/jobs_view_760682.html,20-30W/年,海南寰岛高级中学,海口-美兰区,04-22,本科/5年以上
高中英语教师(学科带头人),/jobs_view_703368.html,32-35W/年,廊坊恒源学校,廊坊-霸州市,04-22,本科/10年以上
高中英语教师(成熟教师),/jobs_view_703349.html,10-20W/年,廊坊恒源学校,廊坊-霸州市,04-22,本科/3年以上
高中英语教师(骨干教师),/jobs_view_703359.html,20-30W/年,廊坊恒源学校,廊坊-霸州市,04-22,本科/5年以上
高中英语教师(应届生),/jobs_view_703335.html,8-15W/年,廊坊恒源学校,廊坊-霸州市,04-22,本科/应届生
高中英语教师(务必下载附件填写报名表）,/jobs_view_735947.html,20-25W/年,广州市北培高级中学有限公司,广州-南沙区,04-22,本科/5年以上
高中英语教师(本科应届生),/jobs_view_707007.html,13-16W/年,广州市北培高级中学有限公司,广州-南沙区,04-22,本科/应届生
高中英语教师(硕士应届生),/jobs_view_707016.html,16-20W/年,广州市北培高级中学有限公司,广州-南沙区,04-22,本科/应届生
高中英语教师(骨干教师),/jobs_view_740776.html,20-30W/年,张家口北京一零一实验学校,张家口-桥东区,04-22,本科/5年以上
高中英语教师(专家级名师),/jobs_view_740795.html,30-60W/年,张家口北京一零一实验学校,张家口-桥东区,04-22,本科/10年以上
高中英语教师(青年教师),/jobs_view_740757.html,15-30W/年,张家口北京一零一实验学校,张家口-桥东区,04-22,本科/1年以上
高中英语教师,/jobs_view_735277.html,20-40W/年,广东省阳江市阳春博泰实验中学,阳江-阳春市,04-22,本科/经验不限
高中英语教师,/jobs_view_611760.html,18-35W/年,浙江省永康市古丽高级中学,金华-永康市,04-22,本科/2年以上
高中英语教师(骨干教师),/jobs_view_681169.html,18-30W/年,云浮市伊顿实验学校,云浮-云城区,04-22,本科/5年以上
高中英语教师(骨干教师),/jobs_view_171313.html,12-18W/年,广东省河源市正德中学,河源-紫金县,04-22,本科/应届生
高三英语教师（事业型合伙人）,/jobs_view_734595.html,15-25K/月,深圳光华远景教育科技有限公司,深圳-宝安区,04-22,本科/5年以上
高中英语教师(骨干教师),/jobs_view_715259.html,10-20W/年,太原市泰华高级中学校,太原-尖草坪区,04-22,本科/3年以上
高中英语教师(青年教师),/jobs_view_715244.html,7-14W/年,太原市泰华高级中学校,太原-尖草坪区,04-22,本科/1年以上
高中英语教师(骨干教师),/jobs_view_676079.html,15-25K/月,廊坊华夏幸福学校,廊坊-固安县,04-22,硕士/1年以上
高中英语教师(青年教师),/jobs_view_751037.html,12-20K/月,汕尾市明德实验学校 ,汕尾-城区,04-22,本科/经验不限
高中英语教师,/jobs_view_760174.html,10-20K/月,广东省四会市实验学校,肇庆-四会市,04-22,本科/经验不限
高中英语教师(骨干教师),/jobs_view_422092.html,5-8K/月,秦皇岛市海港区临榆中学,秦皇岛-海港区,04-22,本科/3年以上
高中英语教师(骨干教师),/jobs_view_769921.html,18-25W/年,广东惠州市博罗榕城中学,惠州-博罗县,04-22,本科/6年以上
融合课程高中英语教师(青年教师),/jobs_view_539348.html,15-25W/年,句容碧桂园学校,镇江-句容市,04-22,硕士/1年以上
国内课程高中英语教师(骨干教师),/jobs_view_546219.html,15-25W/年,句容碧桂园学校,镇江-句容市,04-22,本科/2年以上
高中英语教师,/jobs_view_244956.html,8-16W/年,莆田市私立实验中学,莆田-涵江区,04-22,本科/应届生
高中英语老师(青年教师),/jobs_view_434529.html,8-16K/月,泉州市泉港区北大培文实验学校,泉州-泉港区,04-22,本科/6年以上
高中英语老师(青年教师),/jobs_view_497003.html,10-15W/年,济南协和双语实验学校,济南-历城区,04-22,本科/3年以上
高中英语教师,/jobs_view_614199.html,18-25W/年,韶关市永翔实验中学（小学）,韶关-翁源县,04-22,本科/3年以上
ESL/EFL英语教师（国际高中）,/jobs_view_595526.html,12-20W/年,  南昌启华双语学校,南昌-红谷滩区,04-22,硕士/3年以上
高中英语教师(骨干教师),/jobs_view_737883.html,20-35W/年,  南昌启华双语学校,南昌-红谷滩区,04-22,本科/3年以上
高中英语教师(合格教师),/jobs_view_425152.html,8-10K/月,涡阳县蔚华中学,亳州-涡阳县,04-22,本科/应届生
高中英语教师(骨干教师),/jobs_view_769009.html,15-25W/年,威海天立学校,威海-文登区,04-22,本科/3年以上
高中英语教师,/jobs_view_435289.html,6-10W/年,安徽青阳县育英学校,池州-青阳县,04-22,本科/经验不限
高中英语教师(骨干教师),/jobs_view_709019.html,6-12K/月,六盘水单行线教育咨询有限责任公司,六盘水-钟山区,04-22,本科/1年以上
高中英语教师,/jobs_view_723579.html,16-25K/月,渠县崇德学校,达州-渠县,04-22,本科/1年以上
高中英语教师(骨干教师),/jobs_view_742333.html,15-30K/月,延吉市金牌教育培训学校第一分校,延边-延吉市,04-22,大专/3年以上
高中英语教师(青年教师),/jobs_view_742318.html,10-19K/月,延吉市金牌教育培训学校第一分校,延边-延吉市,04-22,本科/经验不限
高中英语特级、骨干教师(骨干教师),/jobs_view_332044.html,15-30K/月,宁德市实验学校,福建-宁德,04-22,本科/10年以上
高中英语教师(骨干教师),/jobs_view_770275.html,15-25W/年,冕宁县凉铭实验外国语学校,凉山州-冕宁县,04-22,本科/6年以上
全职高中英语教师（年薪20-45万）(骨干教师),/jobs_view_395921.html,15-25W/年,上海益汇培训学校,上海-浦东新区,04-22,本科/经验不限
高中英语教师(骨干教师),/jobs_view_582638.html,15-20W/年,江西省永新县致远学校,吉安-永新县,04-22,本科/6年以上
高中英语教师（应往届毕业生）,/jobs_view_545644.html,10-15W/年,江西省永新县致远学校,吉安-永新县,04-22,本科/应届生
高中英语教师(清北名师),/jobs_view_555724.html,30-45W/年,博罗县东江博雅学校,惠州-博罗县,04-22,本科/6年以上
高中英语(青年教师),/jobs_view_504757.html,8-13K/月,天津市武清区六力学校,天津-武清区,04-22,本科/3年以上
高中英语教师(青年教师),/jobs_view_476855.html,8-15K/月,肥东凯悦中学,合肥-肥东县,04-22,本科/经验不限
高中英语教师(青年教师),/jobs_view_766980.html,10-20W/年,大宋职业高级中学,晋中-太谷区,04-22,本科/3年以上
高中英语教师,/jobs_view_746635.html,9-18W/年,大宋职业高级中学,晋中-太谷区,04-22,本科/3年以上
高中英语教师,/jobs_view_762005.html,6-10K/月,北海市行知高级中学,北海-海城区,04-22,本科/经验不限
高中英语教师(青年教师),/jobs_view_342066.html,15-20W/年,广州小凡教育培训中心,广州-海珠区,04-22,本科/3年以上
高中英语助教老师(青年教师),/jobs_view_389523.html,4-6K/月,广州小凡教育培训中心,广州-海珠区,04-22,本科/1年以上
高中英语教师,/jobs_view_672644.html,12-20W/年,广东陆河外国语学校,汕尾-陆河县,04-22,本科/3年以上
高中英语教师(包食宿),/jobs_view_672287.html,5-10K/月,太原市树人中学校,太原-万柏林区,04-22,本科/2年以上
高中英语教师(青年教师),/jobs_view_42171.html,7-13K/月,济南世纪英华实验学校,济南-历城区,04-22,本科/3年以上
高中英语教师(清北名师/骨干教师),/jobs_view_693012.html,20-40W/年,常州博雅实验学校,常州-金坛区,04-22,本科/5年以上
高中英语教师(骨干教师）,/jobs_view_543017.html,12-20W/年,定安县山高学校,海南-定安县,04-22,本科/3年以上
高中英语教师,/jobs_view_543010.html,12-20W/年,定安县山高学校,海南-定安县,04-22,本科/经验不限
高中英语教师（萧山）,/jobs_view_672063.html,10-20W/年,杭州市滨江区祁绩培训学校,杭州-滨江区,04-22,本科/1年以上
高中英语教师,/jobs_view_437810.html,10-20W/年,杭州市滨江区祁绩培训学校,杭州-滨江区,04-22,本科/1年以上
高中英语教师,/jobs_view_543235.html,15K/月,广州黄埔区师大教育培训中心（高考培训学校）,广州-天河区,04-22,本科/1年以上
高中英语教师(骨干教师),/jobs_view_506594.html,13-25K/月,十堰市张湾阳光书院,十堰-张湾区,04-22,本科/3年以上
高中英语教师(青年教师),/jobs_view_675152.html,6-12W/年,邯郸经济技术开发区卓越中学,邯郸-丛台区,04-22,本科/1年以上
高中英语教师(骨干教师),/jobs_view_665789.html,12-20K/月,武汉市武昌区国骅文化教育培训学校,武汉-武昌区,04-22,本科/5年以上
急聘高中英语教师(青年教师),/jobs_view_758526.html,6-8K/月,正道实力中学,昆明-呈贡区,04-22,本科/2年以上
急聘高中英语教师（骨干教师）,/jobs_view_501485.html,12-15W/年,正道实力中学,昆明-呈贡区,04-22,本科/3年以上
高中英语教师,/jobs_view_703901.html,10-20K/月,莆田市涵江区培英高级中学,莆田-涵江区,04-22,本科/3年以上
高中英语教师(骨干教师 学科带头人),/jobs_view_704078.html,20-40W/年,莆田市涵江区培英高级中学,莆田-涵江区,04-22,本科/6年以上
高中英语教师(应届生),/jobs_view_704069.html,6-12K/月,莆田市涵江区培英高级中学,莆田-涵江区,04-22,本科/1年以上
高中英语教师(兼职教师),/jobs_view_697772.html,280-400元/课时,新王牌教育,广州-越秀区,04-22,本科/3年以上
高中英语教师(合格教师),/jobs_view_587301.html,12-24W/年,义乌市哲文校外教育辅导站,金华-义乌市,04-22,本科/3年以上
高中英语优秀教师,/jobs_view_209480.html,8-12W/年,宿州市埇桥区格瑞学校,宿州-埇桥区,04-22,本科/1年以上
高中英语教师（诚聘985、211青年教师人才）(青年教师),/jobs_view_755766.html,10-18W/年,洛阳复兴学校,洛阳-洛龙区,04-22,本科/经验不限
高中清北班英语教师(学科带头人),/jobs_view_750724.html,20-30W/年,洛阳复兴学校,洛阳-洛龙区,04-22,本科/8年以上
高中一本班英语教师(骨干教师),/jobs_view_755757.html,12-20W/年,洛阳复兴学校,洛阳-洛龙区,04-22,本科/3年以上
高中英语教师（诚聘985、211青年教师人才）(青年教师),/jobs_view_756072.html,10-18W/年,洛阳市孟津区第一中学,洛阳-孟津区,04-22,本科/经验不限
高中清北班英语教师(学科带头人),/jobs_view_750673.html,20-30W/年,洛阳市孟津区第一中学,洛阳-孟津区,04-22,本科/8年以上
高中英语教师（一本班）(骨干教师),/jobs_view_756063.html,12-20W/年,洛阳市孟津区第一中学,洛阳-孟津区,04-22,本科/3年以上
高中清北班英语教师(学科带头人),/jobs_view_750645.html,20-30W/年,北京德华盛教育,郑州-中原区,04-22,本科/8年以上
高中英语教师（一本班）(骨干教师),/jobs_view_756042.html,12-20W/年,北京德华盛教育,郑州-中原区,04-22,本科/3年以上
高中英语教师（诚聘985、211青年教师人才）(青年教师),/jobs_view_756054.html,10-18W/年,北京德华盛教育,郑州-中原区,04-22,本科/经验不限
高中英语教师(骨干教师),/jobs_view_755813.html,14-28W/年,惠来滨海学校,揭阳-惠来县,04-22,本科/5年以上
高中英语教师(应届生),/jobs_view_755812.html,14-28W/年,惠来滨海学校,揭阳-惠来县,04-22,本科/应届生
高中英语教师,/jobs_view_634637.html,8-15W/年,安徽桐城吴汝纶公学,安庆-桐城市,04-22,本科/1年以上
高中英语教师(骨干教师),/jobs_view_682997.html,15-20W/年,乐山外国语学校,乐山-市中区,04-22,本科/3年以上
高中英语教师(青年教师),/jobs_view_588247.html,12.5-20K/月,青田华侨实验高级中学,丽水-青田县,04-22,本科/5年以上
高中英语教师,/jobs_view_716954.html,10-20W/年,连云港华杰高级中学,江苏-连云港,04-22,本科/3年以上
高中英语教师(青年教师),/jobs_view_589022.html,8-15K/月,萍乡市安源区添易教育培训学校,萍乡-安源区,04-22,本科/1年以上
高中英语教师(骨干教师),/jobs_view_669695.html,20-40W/年,东莞市嘉荣外国语学校,广东-东莞,04-22,本科/6年以上
高中英语教师,/jobs_view_642260.html,18-28W/年,韶关市武江区云岭教育培训复读中心（高考复读）,韶关-武江区,04-22,本科/8年以上
高中英语老师（教高一高二）,/jobs_view_451498.html,5-7K/月,新乡市新鼎高级中学,新乡-红旗区,04-22,本科/经验不限
高中英语教师,/jobs_view_667376.html,5-8K/月,新乡市新鼎高级中学,新乡-红旗区,04-22,本科/3年以上
(年薪18万以上)高中英语教师,/jobs_view_405887.html,18-36W/年,惠州市综合高级中学,惠州-惠城区,04-22,本科/3年以上
高中英语教师,/jobs_view_503181.html,20-40W/年,温州翔宇中学,温州-永嘉县,04-22,本科/经验不限
高中英语教师(青年教师),/jobs_view_624859.html,5-10K/月,慈溪市环球公学文化培训学校,宁波-慈溪市,04-22,本科/应届生
高中英语教师(具体薪资面议),/jobs_view_729542.html,10-20W/年,上海市同洲模范学校,上海-宝山区,04-22,本科/1年以上
高中英语教师（月薪6-15k）,/jobs_view_621245.html,6-12K/月,安徽省潜山市三环高中,安庆-潜山市,04-22,本科/1年以上
高中英语教师,/jobs_view_768206.html,9-18W/年,孝感市光超教育投资咨询有限公司,孝感-应城市,04-22,本科/经验不限
高中英语教师(高三补习生),/jobs_view_768233.html,15-28W/年,孝感市光超教育投资咨询有限公司,孝感-应城市,04-22,本科/10年以上
高中英语教师(青年教师),/jobs_view_729399.html,5-10K/月,新会区会城一诺文化艺术培训中心,江门-新会区,04-22,本科/1年以上
高中英语教师(青年教师),/jobs_view_764374.html,8-15K/月,徐州市金榜学校,徐州-鼓楼区,04-22,本科/经验不限
高中英语教师(青年教师),/jobs_view_710762.html,10-16W/年,寿县万瑞中学,淮南-寿县,04-22,本科/1年以上
高中英语（合格教师）,/jobs_view_582802.html,6-10W/年,宁晋县谦德学校,邢台-宁晋县,04-22,本科/应届生
高中英语老师(合格教师),/jobs_view_522987.html,10-20W/年,湘潭县晨光高复文化补习学校,湘潭-湘潭县,04-22,本科/3年以上
高中英语教师,/jobs_view_560315.html,10-20W/年,汕头市潮阳恩溢学校,汕头-潮阳区,04-22,本科/3年以上
高中英语教师(青年教师),/jobs_view_678155.html,25-40W/年,广州市花都区华万学校,广州-花都区,04-22,本科/3年以上
高中英语教师(骨干教师),/jobs_view_678143.html,35-50W/年,广州市花都区华万学校,广州-花都区,04-22,本科/6年以上
高中英语教师,/jobs_view_565616.html,9-12W/年,北京外国语大学附属海南外国语学校,海南-澄迈县,04-22,本科/1年以上
高中英语(合格教师),/jobs_view_393934.html,14-18K/月,铭博教育,广州-增城区,04-22,大专/3年以上
英语助教老师(应届生),/jobs_view_728685.html,4-8K/月,铭博教育,广州-增城区,04-22,大专/应届生
高中英语教师(青年教师),/jobs_view_696394.html,5-7.5K/月,淄博市美达菲双语高级中学,淄博-张店区,04-22,本科/应届生
高中英语教师(首席教师),/jobs_view_694335.html,19-23K/月,淄博市美达菲双语高级中学,淄博-张店区,04-22,本科/8年以上
高中英语教师-青年教师,/jobs_view_706588.html,5-7.5K/月,淄博市美达菲双语高级中学,淄博-张店区,04-22,本科/应届生
高中英语首席教师,/jobs_view_706312.html,19-22K/月,淄博市美达菲双语高级中学,淄博-张店区,04-22,本科/10年以上
高中英语教师(骨干教师),/jobs_view_694363.html,10-20K/月,淄博市美达菲双语高级中学,淄博-张店区,04-22,本科/8年以上
高中英语教师 全职、兼职均可,/jobs_view_183738.html,10-15K/月,乐清市七天文化教育培训中心有限公司,温州-乐清市,04-22,本科/经验不限
高中英语教师(骨干教师),/jobs_view_562603.html,8-15K/月,贵阳市云城中学,贵阳-白云区,04-22,本科/1年以上
兼职高中英语教师(青年教师),/jobs_view_663634.html,150-250元/课时,深圳市理念文化发展有限公司,深圳-福田区,04-22,大专/1年以上
高中英语教师(应届生),/jobs_view_732993.html,50-70元/课时,广州市师大家教服务有限公司,广州-天河区,04-22,本科/经验不限
兼职高中英语教师(骨干教师),/jobs_view_732868.html,150-200元/课时,广州市师大家教服务有限公司,广州-天河区,04-22,本科/5年以上
兼职高中英语教师(青年教师),/jobs_view_732846.html,130-160元/课时,广州市师大家教服务有限公司,广州-天河区,04-22,本科/3年以上
高中英语教师,/jobs_view_581064.html,18-26W/年,承德晨曦高级中学,承德-丰宁满族自治县,04-22,本科/1年以上
高中英语教师(高一教学),/jobs_view_761420.html,6-12W/年,安顺市关岭德艺高级中学,安顺-关岭县,04-22,本科/经验不限
高中英语骨干教师,/jobs_view_560496.html,13-18K/月,南召衡越实验中学,南阳-南召县,04-22,本科/3年以上
高中英语教师(合格教师),/jobs_view_543254.html,7-13K/月,南召衡越实验中学,南阳-南召县,04-22,本科/1年以上
高中英语教师(骨干教师),/jobs_view_613001.html,20-25W/年,西华县状元桥中学,周口-西华县,04-22,本科/5年以上
高中英语教师(应届生),/jobs_view_706706.html,8-10W/年,西华县状元桥中学,周口-西华县,04-22,本科/应届生
高中英语教师(骨干教师)/青年教师,/jobs_view_757978.html,25-40W/年,鹤山市广旭实验学校,江门-鹤山市,04-22,本科/5年以上
高中英语教师(骨干教师),/jobs_view_674023.html,18-30W/年,南昌市雷式学校,南昌-青山湖区,04-22,本科/5年以上
高中英语教师(学科带头人),/jobs_view_674022.html,30-40W/年,南昌市雷式学校,南昌-青山湖区,04-22,本科/5年以上
高中英语教师(青年教师),/jobs_view_674024.html,12-15W/年,南昌市雷式学校,南昌-青山湖区,04-22,本科/1年以上
国内高中英语教师,/jobs_view_696144.html,15-30W/年,杭州市上附外国语学校,杭州-富阳区,04-22,本科/应届生
高中英语教师(应届生),/jobs_view_747645.html,25-45W/年,黄冈大光华高级中学,黄冈-黄州区,04-22,硕士/经验不限
高中英语教师(学科带头人),/jobs_view_747631.html,35-55W/年,黄冈大光华高级中学,黄冈-黄州区,04-22,本科/6年以上
高中英语教师(专家级名师),/jobs_view_747617.html,35-55W/年,黄冈大光华高级中学,黄冈-黄州区,04-22,本科/9年以上
高中英语教师(青年教师),/jobs_view_646444.html,30-50W/年,黄冈大光华高级中学,黄冈-黄州区,04-22,本科/3年以上
高中英语教师(优秀教师),/jobs_view_620749.html,35-55W/年,黄冈大光华高级中学,黄冈-黄州区,04-22,本科/4年以上
高中英语教师(骨干教师),/jobs_view_656548.html,35-55W/年,黄冈大光华高级中学,黄冈-黄州区,04-22,本科/6年以上
高中英语教师(骨干教师),/jobs_view_674762.html,12-24K/月,廊坊联衡高级中学,廊坊-文安县,04-22,本科/10年以上
高中英语教师,/jobs_view_637777.html,10-15W/年,进贤县星光实验学校,南昌-进贤县,04-22,本科/经验不限
高中英语教师(青年教师),/jobs_view_742677.html,9-15K/月,深圳菁华中英文实验中学,深圳-龙岗区,04-22,本科/经验不限
高中英语教师(年薪10-30万),/jobs_view_750895.html,10-20W/年,阳新县新时代高级中学（筹）,黄石-阳新县,04-22,本科/经验不限
高中英语老师(青年教师),/jobs_view_422773.html,8-12K/月,贵阳市育强中学,贵阳-南明区,04-22,本科/2年以上
高中英语学科带头人(学科带头人),/jobs_view_759046.html,10-20K/月,贵阳市育强中学,贵阳-南明区,04-22,本科/5年以上
高中英语教师(青年教师),/jobs_view_718093.html,8-10W/年,吉安市理工技工学校,吉安-吉州区,04-22,本科/1年以上
全职/兼职初高中英语教师（天河）,/jobs_view_659712.html,9-13K/月,广州清大锐思教育（越秀校区、天河东圃校区),广州-天河区,04-22,本科/1年以上
全职/兼职 初高中英语教师 (越秀区),/jobs_view_692744.html,8-13K/月,广州清大锐思教育（越秀校区、天河东圃校区),广州-越秀区,04-22,本科/1年以上
诚聘优秀高中英语教师,/jobs_view_660083.html,15-25K/月,杭州趣课培训学校,杭州-西湖区,04-22,本科/1年以上
诚聘优秀高中英语教学主管,/jobs_view_289833.html,20-25K/月,杭州趣课培训学校,杭州-西湖区,04-22,本科/3年以上
高中英语教师 (骨干教师),/jobs_view_712172.html,13-20W/年,赣西外国语学校,宜春-万载县,04-22,本科/6年以上
高中英语教师(青年教师),/jobs_view_539431.html,9-15W/年,赣西外国语学校,宜春-万载县,04-22,本科/2年以上
高中英语教师,/jobs_view_623518.html,7.5-10K/月,海南鲁迅中学,三亚-吉阳区,04-22,本科/1年以上
高中英语教师(骨干教师),/jobs_view_696138.html,6-10K/月,海南鲁迅中学,三亚-吉阳区,04-22,本科/3年以上
急招高中英语教师(全日制),/jobs_view_752755.html,12-23K/月,成都玉垒中学,成都-都江堰市,04-22,本科/3年以上
高中英语教师(骨干教师),/jobs_view_725027.html,12-18K/月,德州市伊璞高级中学,德州-齐河县,04-22,本科/6年以上
高中英语学科带头人(学科带头人),/jobs_view_623428.html,10-20K/月,德州市伊璞高级中学,德州-齐河县,04-22,本科/10年以上
高中英语教师(青年教师),/jobs_view_722866.html,10-12K/月,德州市伊璞高级中学,德州-齐河县,04-22,本科/1年以上
高中英语教师,/jobs_view_606380.html,10-18W/年,徐州市树恩中学,徐州-沛县,04-22,本科/1年以上
高中英语教师(学科带头人),/jobs_view_606424.html,15-18W/年,徐州市树恩中学,徐州-沛县,04-22,本科/5年以上
高中英语教师(骨干教师),/jobs_view_496902.html,11-13W/年,临沂正直实验学校,临沂-河东区,04-22,本科/3年以上
高中英语教师(骨干教师),/jobs_view_572539.html,10-20W/年,长沙市湘军高级中学,长沙-长沙县,04-22,硕士/3年以上
高中英语教师(骨干教师),/jobs_view_415566.html,12-13K/月,广州天省实验学校,广州-天河区,04-22,本科/1年以上
高中英语教师(优秀青年教师),/jobs_view_692242.html,12-24W/年,中央美术学院附属衢州中学,衢州-柯城区,04-22,本科/应届生
高中英语教师(骨干教师),/jobs_view_770277.html,18-25W/年,中央美术学院附属衢州中学,衢州-柯城区,04-22,本科/10年以上
高中英语教师(青年教师),/jobs_view_770249.html,12-24W/年,中央美术学院附属衢州中学,衢州-柯城区,04-22,本科/应届生
高中英语教师(青年教师),/jobs_view_770258.html,12-18W/年,中央美术学院附属衢州中学,衢州-柯城区,04-22,本科/2年以上
高中英语教师(骨干教师),/jobs_view_769906.html,7-12K/月,遵义市汇川区长水新航高级中学,遵义-汇川区,04-22,本科/3年以上
高三英语教师(合格教师),/jobs_view_560899.html,8-10K/月,清远市清城区金桥教育培训中心,广东-清远,04-22,本科/3年以上
4月29日线下招聘高中英语教师,/jobs_view_767670.html,8-16W/年,合肥皖智中学,合肥-新站区,04-22,本科/3年以上
高中英语教师 历届(合格教师),/jobs_view_422358.html,10-18W/年,合肥皖智中学,合肥-蜀山区,04-22,本科/1年以上
高中英语教师,/jobs_view_690809.html,15-24W/年,福建省云霄将军山学校,漳州-云霄县,04-22,本科/6年以上
高中英语教师(应届青年教师),/jobs_view_670506.html,9-15W/年,共青城博雅学校,九江-共青城市,04-22,本科/应届生
高中英语教师（优秀在职教师）,/jobs_view_670505.html,14-20W/年,共青城博雅学校,九江-共青城市,04-22,本科/5年以上
高中英语教师(年薪14-30万),/jobs_view_681366.html,14-28W/年,玉环市实验高级中学,台州-玉环市,04-22,本科/1年以上
高中英语教师(学科带头人),/jobs_view_281283.html,12-24W/年,太原市致远实验学校,太原-阳曲县,04-22,本科/3年以上
高中英语教师(学科带头人),/jobs_view_624339.html,9-13K/月,江西省吉安市泰和黄冈实验学校,吉安-泰和县,04-22,本科/5年以上
高中英语教师(青年教师),/jobs_view_624306.html,7-10K/月,江西省吉安市泰和黄冈实验学校,吉安-泰和县,04-22,本科/1年以上
高中英语教师(骨干教师),/jobs_view_737897.html,8-12K/月,江西省吉安市泰和黄冈实验学校,吉安-泰和县,04-22,本科/3年以上
高中英语教师,/jobs_view_747943.html,10-12K/月,耒阳市格楠高级中学,衡阳-耒阳市,04-22,本科/经验不限
高中英语1名(骨干教师),/jobs_view_481497.html,12-20W/年,怀化华美学校,怀化-中方县,04-22,本科/6年以上
高中语文、数学、英语1名,/jobs_view_481494.html,12-20W/年,怀化华美学校,怀化-中方县,04-22,本科/经验不限
高中英语教师(骨干教师),/jobs_view_668205.html,12K/月,怀化华美学校,怀化-中方县,04-22,本科/6年以上
高中语文、数学、英语各1名,/jobs_view_471269.html,12-20W/年,怀化华美学校,怀化-中方县,04-22,本科/经验不限
高中英语教师(青年教师),/jobs_view_766229.html,10-20W/年,秦皇岛腾越高级中学（筹）,秦皇岛-北戴河新区,04-22,本科/3年以上
高中英语教师(骨干教师),/jobs_view_766233.html,15-30W/年,秦皇岛腾越高级中学（筹）,秦皇岛-北戴河新区,04-22,本科/5年以上
高中英语教师(应届生),/jobs_view_766181.html,5-10K/月,秦皇岛腾越高级中学（筹）,秦皇岛-北戴河新区,04-22,本科/经验不限
高中英语教师(年薪5-12万),/jobs_view_729348.html,5-10W/年,长葛市民办实验中学,许昌-长葛市,04-22,本科/1年以上
高中英语老师(合格教师),/jobs_view_465475.html,8-14K/月,广州市番禺区壹考教育培训中心,广东-广州,04-22,本科/1年以上
高中英语教师,/jobs_view_749683.html,8-16K/月,福州成思教育投资有限公司,福州-闽侯县,04-22,本科/经验不限
初中英语、高中英语教师,/jobs_view_730406.html,15-30W/年,玉溪市红塔区溪汇中学,玉溪-红塔区,04-22,本科/经验不限
高中英语教师(骨干教师),/jobs_view_765167.html,15-30W/年,邳州市润才高级中学,徐州-邳州市,04-22,本科/5年以上
高中英语教师(青年教师),/jobs_view_765141.html,10-18W/年,邳州市润才高级中学,徐州-邳州市,04-22,本科/经验不限
高中英语教师,/jobs_view_395803.html,4-8K/月,安庆市皖江高级中学,安庆-怀宁县,04-22,本科/经验不限
高中英语教师(骨干教师),/jobs_view_749319.html,6-12W/年,六安舒城县舒州中学,六安-舒城县,04-22,本科/5年以上
高中英语教师（具体薪资面议）,/jobs_view_464391.html,6-12W/年,六安舒城县舒州中学,六安-舒城县,04-22,本科/1年以上
高中英语教师(年薪7-15万),/jobs_view_724895.html,7-14W/年,湖北省鄂州市鄂东高级中学,鄂州-鄂城区,04-22,本科/应届生
高中英语教师(特级教师、学科带头人),/jobs_view_724910.html,15-25W/年,湖北省鄂州市鄂东高级中学,鄂州-鄂城区,04-22,本科/10年以上
高中英语教师,/jobs_view_748350.html,8-12W/年,孝感鲁迅高级中学,孝感-孝南区,04-22,本科/应届生
高中英语教师(雅思托福),/jobs_view_758687.html,7-13K/月,成都市郫都区天立学校,成都-郫都区,04-22,本科/经验不限
高中英语教师(骨干教师),/jobs_view_741481.html,25-50W/年,成都市郫都区天立学校,成都-郫都区,04-22,本科/6年以上
高中英语教师(优秀毕业生),/jobs_view_741498.html,15-30W/年,成都市郫都区天立学校,成都-郫都区,04-22,本科/应届生
英语教师,/jobs_view_699803.html,4-7K/月,安徽卓创技工学校,亳州-利辛县,04-22,本科/1年以上
高中英语教师(应届生),/jobs_view_752330.html,5-10K/月,宜昌博文学校,宜昌-伍家岗区,04-22,本科/经验不限
高中英语教师(青年教师),/jobs_view_594938.html,10-16K/月,泉州聚龙外国语学校,泉州-惠安县,04-22,本科/2年以上
高中英语教师(特正高教师),/jobs_view_684653.html,30-50W/年,徐州市铜山区铜北中学,徐州-铜山区,04-22,本科/10年以上
高中英语教师(名师),/jobs_view_684643.html,20-35W/年,徐州市铜山区铜北中学,徐州-铜山区,04-22,本科/10年以上
高中英语教师(学科带头人),/jobs_view_684634.html,15-25W/年,徐州市铜山区铜北中学,徐州-铜山区,04-22,本科/5年以上
高中英语教师(青年教师),/jobs_view_683985.html,8-12W/年,徐州市铜山区铜北中学,徐州-铜山区,04-22,本科/1年以上
高中英语教师(骨干教师),/jobs_view_684011.html,10-15W/年,徐州市铜山区铜北中学,徐州-铜山区,04-22,本科/5年以上
高中英语教师,/jobs_view_576495.html,10-15K/月,恩科雨露实验学校,昌吉州-昌吉市,04-22,本科/1年以上
高中英语教师(骨干教师)(学科带头人),/jobs_view_754647.html,9-15W/年,金乡县金文实验高级中学,济宁-金乡县,04-22,本科/6年以上
高中英语教师(青年教师),/jobs_view_754627.html,7-13W/年,金乡县金文实验高级中学,济宁-金乡县,04-22,本科/经验不限
高中英语教师(年薪9-20万),/jobs_view_767948.html,9-18W/年,郯城江山高级中学,临沂-郯城县,04-22,本科/应届生
高中英语教师（年薪10-30万）,/jobs_view_673131.html,10-20W/年,道州玉潭（东阳）学校,永州-道县,04-22,本科/3年以上
高中英语教师,/jobs_view_621177.html,10-15K/月,仙桃市胜优培训学校有限公司,湖北-仙桃市,04-22,本科/1年以上
高中英语教师(青年教师),/jobs_view_703764.html,15-20W/年,福州华伦中学,福州-台江区,04-22,本科/应届生
高中英语教师(骨干教师),/jobs_view_400982.html,12-15W/年,三明北大附属实验学校,三明-沙县,04-22,本科/6年以上
高中英语教师,/jobs_view_515942.html,8-16W/年,阜阳市颍州区北大新世纪附属学校,阜阳-颍州区,04-22,本科/6年以上
高中英语教师(骨干教师),/jobs_view_731734.html,8-16K/月,巨飞教育培训学校,杭州-临平区,04-22,本科/1年以上
高中英语教师,/jobs_view_715953.html,4-6K/月,江西省乐平市私立洪马中学,景德镇-乐平市,04-22,大专/应届生
高中英语教师(优秀、骨干教师),/jobs_view_715925.html,10-15W/年,江西省乐平市私立洪马中学,景德镇-乐平市,04-22,大专/2年以上
高中英语教师(学科带头人),/jobs_view_760193.html,12-20W/年,福州华伦中学,福州-台江区,04-22,本科/5年以上
高中英语教师(骨干教师),/jobs_view_741589.html,10-15K/月,福州华伦中学,福州-台江区,04-22,本科/3年以上
高中英语老师,/jobs_view_399201.html,8-10K/月,武汉江南技术学校,武汉-青山区,04-22,本科/1年以上
高中英语老师周末休1.5天(骨干教师),/jobs_view_487425.html,11-15K/月,上海居正文化传播有限公司,上海-浦东新区,04-22,本科/1年以上
高中英语老师（浦东+全职）(骨干教师),/jobs_view_495950.html,12-17K/月,上海居正文化传播有限公司,上海-浦东新区,04-22,本科/1年以上
高中英语老师全职(学科带头人),/jobs_view_485276.html,11-15K/月,上海居正文化传播有限公司,上海-浦东新区,04-22,本科/1年以上
高中英语老师(合格教师),/jobs_view_426019.html,8-15K/月,上海居正文化传播有限公司,上海-浦东新区,04-22,本科/1年以上
高中英语教师(青年教师),/jobs_view_723944.html,4.5-7K/月,东方市尚学外国语实验中学,海南-东方市,04-22,本科/应届生
高中英语教师,/jobs_view_322854.html,5-8K/月,东方市尚学外国语实验中学,海南-东方市,04-22,本科/1年以上
高中英语教师(青年教师),/jobs_view_765282.html,6-10K/月,蚌埠行知高级中学,蚌埠-淮上区,04-22,本科/经验不限
高中英语教师(骨干教师),/jobs_view_623262.html,15-30W/年,长沙万星高考补习学校,长沙-芙蓉区,04-22,本科/3年以上
高中英语教师(在职教师),/jobs_view_699680.html,8-15K/月,上饶市鄱阳梦想艺术高级中学,上饶-鄱阳县,04-22,本科/2年以上
高中英语教师(应届生),/jobs_view_699668.html,5-8K/月,上饶市鄱阳梦想艺术高级中学,上饶-鄱阳县,04-22,本科/应届生
高中英语教师,/jobs_view_680424.html,8-10.0K/月,北京市翔宇中学,北京-东城区,04-22,本科/经验不限
高中英语教师,/jobs_view_457113.html,7-12W/年,潢川县光州高级中学,信阳-潢川县,04-22,本科/经验不限
高中英语教师（高三教学）,/jobs_view_466863.html,12-16W/年,潢川县光州高级中学,信阳-潢川县,04-22,本科/3年以上
兼职高中英语教师(青年教师),/jobs_view_756386.html,150-200元/课时,广州海珠区拓鑫教育培训中心有限公司,广州-海珠区,04-22,本科/经验不限
高中英语老师,/jobs_view_490980.html,9-18W/年,马鞍山中加双语学校,马鞍山-雨山区,04-22,本科/经验不限
高中英语教师(骨干教师),/jobs_view_562432.html,10-20W/年,唐山市曹妃甸区枫华高中,唐山-曹妃甸区,04-22,本科/3年以上
高中英语教师(专家级名师),/jobs_view_562452.html,15-30W/年,唐山市曹妃甸区枫华高中,唐山-曹妃甸区,04-22,本科/6年以上
高中英语教师(骨干教师),/jobs_view_634476.html,25-35W/年,深圳市滨海高级中学,深圳-宝安区,04-22,硕士/5年以上
高中英语教师(骨干教师),/jobs_view_738197.html,18-30W/年,浙江省瑞安市龙翔高级中学,温州-瑞安市,04-22,本科/3年以上
高中英语教师(应历届硕士研究生),/jobs_view_672438.html,11-22W/年,浙江省瑞安市龙翔高级中学,温州-瑞安市,04-22,硕士/应届生
高中英语教师(应届生),/jobs_view_672423.html,9.2-16W/年,浙江省瑞安市龙翔高级中学,温州-瑞安市,04-22,本科/应届生
高中英语教师(应历届博士研究生),/jobs_view_672455.html,30-50W/年,浙江省瑞安市龙翔高级中学,温州-瑞安市,04-22,博士/应届生
高中英语教师（全日制本科毕业生）,/jobs_view_636068.html,7-12W/年,卫辉市启柱中学,新乡-卫辉市,04-22,本科/1年以上
高中英语教师（市级骨干教师）,/jobs_view_636086.html,10-13W/年,卫辉市启柱中学,新乡-卫辉市,04-22,本科/3年以上
高中英语教师（优秀毕业生、免费师范生）,/jobs_view_636050.html,10-15W/年,卫辉市启柱中学,新乡-卫辉市,04-22,本科/应届生
高中英语教师（省市级首席名师、正高级教师）,/jobs_view_636124.html,20-40W/年,卫辉市启柱中学,新乡-卫辉市,04-22,本科/3年以上
高中英语教师(青年教师),/jobs_view_597085.html,8-16W/年,合肥长江中学,合肥-肥西县,04-22,本科/1年以上
高中英语骨干教师,/jobs_view_637368.html,12-24W/年,锦州新世纪博雅实验学校,锦州-太和区,04-22,本科/7年以上
高中英语教师,/jobs_view_78790.html,15-30W/年,山西现代双语学校,晋中-榆次区,04-22,本科/3年以上
高中英语教师(骨干教师),/jobs_view_673608.html,20-30W/年,浦城荣华实验高中,南平-浦城县,04-22,本科/6年以上
高中英语教师(应届生),/jobs_view_673582.html,9-12W/年,浦城荣华实验高中,南平-浦城县,04-22,本科/应届生
高中英语教师(应届生),/jobs_view_137598.html,6-9K/月,安徽六安新世纪学校,六安-裕安区,04-22,本科/应届生
高中英语教师(骨干教师),/jobs_view_616407.html,7-12W/年,安徽省泗县双语中学,宿州-泗县,04-22,本科/3年以上
高中英语教师(青年教师),/jobs_view_616386.html,6-10W/年,安徽省泗县双语中学,宿州-泗县,04-22,本科/应届生
高中英语教师(清北骨干教师),/jobs_view_750845.html,20-35W/年,济宁天立学校,济宁-任城区,04-22,本科/6年以上
高中英语教师(应届生),/jobs_view_750874.html,8-12W/年,济宁天立学校,济宁-任城区,04-22,本科/应届生
高中英语教师(优秀教师),/jobs_view_750854.html,10-20W/年,济宁天立学校,济宁-任城区,04-22,本科/3年以上
高中英语教师(青年教师),/jobs_view_647656.html,8-12K/月,上海交慧进修学校,上海-奉贤区,04-22,本科/2年以上
高中英语教师(青年教师),/jobs_view_724159.html,7-10K/月,鹰潭市余江区金林学校,鹰潭-余江区,04-22,本科/应届生
高中英语教师(骨干教师),/jobs_view_679976.html,13-15W/年,邢台市追光中学,邢台-襄都区,04-22,本科/3年以上
高中英语教师,/jobs_view_717879.html,6-12K/月,长沙市创新高级中学,长沙-天心区,04-22,本科/1年以上
高中英语教师(青年教师),/jobs_view_700545.html,8-16W/年,武宁尚美中学,九江-武宁县,04-22,本科/1年以上
高中英语教师(骨干教师),/jobs_view_751696.html,15-25W/年,南京江宁滨江外国语学校,南京-江宁区,04-22,本科/3年以上
高中英语教师（骨干教师）,/jobs_view_690219.html,15-30W/年,信丰圣塔高级中学,赣州-信丰县,04-22,本科/3年以上
高中英语教师(学科带头人),/jobs_view_747868.html,20-30W/年,信丰圣塔高级中学,赣州-信丰县,04-22,本科/10年以上
高中英语教师(骨干教师),/jobs_view_770706.html,12-15K/月,黄冈美苑高级中学,黄冈-黄州区,04-22,本科/5年以上
高中英语教师(青年教师),/jobs_view_770524.html,6-12K/月,黄冈美苑高级中学,黄冈-黄州区,04-22,本科/经验不限
高中英语教师(骨干教师),/jobs_view_654471.html,7-13K/月,北京市海淀区尚丽外国语学校,北京-海淀区,04-22,本科/2年以上
高中英语教师,/jobs_view_564151.html,10-15K/月,乐安心智图学校,抚州-乐安县,04-22,本科/应届生
高中英语教师(五险一金),/jobs_view_702312.html,6-12K/月,武汉市江汉区慧泉培训学校,武汉-江汉区,04-22,本科/1年以上
高中英语教师(在职教师),/jobs_view_601143.html,18-25W/年,肇庆市龙涛外国语学校,肇庆-四会市,04-22,本科/1年以上
高中英语教师(应届生),/jobs_view_601135.html,15-18W/年,肇庆市龙涛外国语学校,肇庆-四会市,04-22,本科/应届生
高中英语教师(学科带头人),/jobs_view_601160.html,30-60W/年,肇庆市龙涛外国语学校,肇庆-四会市,04-22,本科/10年以上
高中英语教师(青年教师),/jobs_view_286613.html,8-15K/月,天津恒领培训学校,天津,04-22,本科/3年以上
高中英语教师(青年教师),/jobs_view_641898.html,20-24W/年,云浮市黄岗实验中学,云浮-新兴县,04-22,本科/2年以上
高中英语教师(应届生),/jobs_view_641867.html,18-21W/年,云浮市黄岗实验中学,云浮-新兴县,04-22,本科/应届生
高中英语教师（年薪15-35万）(合格教师),/jobs_view_506538.html,15-30W/年,云浮市黄岗实验中学,云浮-新兴县,04-22,本科/1年以上
高中英语教师(骨干教师),/jobs_view_641925.html,24-40W/年,云浮市黄岗实验中学,云浮-新兴县,04-22,本科/10年以上
高中英语教师 名优骨干教师,/jobs_view_582298.html,25-50W/年,乐清市荆山公学,温州-乐清市,04-22,本科/5年以上
高中英语教师,/jobs_view_740816.html,12-24W/年,常州市宋剑湖高级中学（筹）,江苏-常州,04-22,本科/经验不限
高中英语教师,/jobs_view_406664.html,5-10K/月,南京宇通实验学校,南京-江宁区,04-22,本科/1年以上
高中英语教师(青年教师),/jobs_view_700157.html,8-10K/月,任丘市衡实高级中学,沧州-任丘市,04-22,本科/3年以上
高中英语教师(骨干教师),/jobs_view_665786.html,15-20W/年,任丘市衡实高级中学,沧州-任丘市,04-22,本科/5年以上
高中英语教师(骨干教师),/jobs_view_130979.html,12-24K/月,贵州省毕节兰苑中学,毕节-七星关区,04-22,本科/3年以上
高中英语教师(高复部),/jobs_view_651948.html,15-30W/年,衡阳县江山学校,衡阳-衡阳县,04-22,本科/5年以上
（急招）高中英语教师(骨干教师),/jobs_view_680012.html,18-30K/月,衡阳县江山学校,衡阳-衡阳县,04-22,本科/5年以上
招聘高中英语青年骨干老师,/jobs_view_585759.html,14-18K/月,合肥龙翔高复学校,合肥-庐阳区,04-22,本科/5年以上
高中英语教师(骨干教师),/jobs_view_705454.html,12-20W/年,河间诗经高级中学,沧州-河间市,04-22,本科/3年以上
高中英语教师(骨干教师),/jobs_view_686091.html,7-10K/月,保定东方双语学校,保定-莲池区,04-22,本科/3年以上
高中英语教师(合格教师),/jobs_view_543106.html,6-12K/月,保定东方双语学校,保定-莲池区,04-22,本科/1年以上
高中英语教师(青年教师),/jobs_view_704559.html,8-15K/月,保定东方双语学校,保定-莲池区,04-22,本科/2年以上
高中英语(骨干教师),/jobs_view_687332.html,7-13K/月,保定东方双语学校,保定-莲池区,04-22,本科/3年以上
高中英语教师(青年教师),/jobs_view_769976.html,8-16W/年,宜春立人职业高中（筹）,宜春-宜丰县,04-22,本科/1年以上
英语教师（五险一金、年薪8-12万）(青年教师),/jobs_view_488657.html,7-10K/月,宿迁职业技术学院,宿迁-宿豫区,04-22,本科/1年以上
高中英语教师(高复把关骨干教师),/jobs_view_757576.html,24-30W/年,汕尾市海丰县鸿志实验学校,汕尾-海丰县,04-22,本科/5年以上
高中英语教师(清北班),/jobs_view_762355.html,30-33W/年,汕尾市海丰县鸿志实验学校,汕尾-海丰县,04-22,本科/5年以上
高中英语教师(青年教师),/jobs_view_619201.html,10-18K/月,合肥及第教育科技有限公司经开分公司,合肥-经济技术开发区,04-22,本科/6年以上
高中英语教师(学科带头人),/jobs_view_693102.html,10-20W/年,丰城市博雅学校有限公司,宜春-丰城市,04-22,硕士/应届生
高中英语教师(专家级名师),/jobs_view_693105.html,15-22W/年,丰城市博雅学校有限公司,宜春-丰城市,04-22,博士/应届生
高中英语教师(骨干教师),/jobs_view_693086.html,10-20W/年,丰城市博雅学校有限公司,宜春-丰城市,04-22,本科/1年以上
高中英语教师,/jobs_view_383135.html,6-10K/月,安徽太和县腾华高中,阜阳-太和县,04-22,本科/1年以上
高中英语,/jobs_view_674947.html,25-40W/年,浙江省青田县伯温中学,丽水-青田县,04-22,本科/3年以上
高中英语教师,/jobs_view_581315.html,10-18W/年,赣州市厚德外国语学校,赣州-章贡区,04-22,本科/3年以上
高中英语教师(高级、特级),/jobs_view_706965.html,18-30W/年,衡水泰华中学,衡水-桃城区,04-22,本科/7年以上
高中英语教师(应往届),/jobs_view_706319.html,7W/年,衡水泰华中学,衡水-桃城区,04-22,本科/应届生
高中英语教师(骨干教师),/jobs_view_706329.html,15-18W/年,衡水泰华中学,衡水-桃城区,04-22,本科/5年以上
高中英语教师(骨干教师),/jobs_view_575536.html,25-32W/年,江门广雅学校,江门-新会区,04-22,本科/3年以上
高中把关英语教师,/jobs_view_710716.html,15-18W/年,江西聚仁堂实业发展集团,南昌-南昌县,04-22,本科/3年以上
优秀高中英语教师(青年教师),/jobs_view_670213.html,9-15W/年,江西聚仁堂实业发展集团,南昌-南昌县,04-22,本科/3年以上
高中英语教师,/jobs_view_678888.html,20-35W/年,清远市海德外国语学校,清远-清城区,04-22,本科/3年以上
高中英语教师(年薪6-20万),/jobs_view_763221.html,6-12W/年,随州市行知高级中学,随州-曾都区,04-22,本科/经验不限
急聘！高中英语教师,/jobs_view_701382.html,10-18W/年,新田德恒实验学校,永州-新田县,04-22,本科/1年以上
高中英语教师,/jobs_view_599513.html,17-20W/年,宁海县未来学校,宁波-宁海县,04-22,本科/2年以上
高中英语教师(骨干教师),/jobs_view_624257.html,8-15K/月,赣州立德虔州高级中学,赣州-章贡区,04-22,本科/3年以上
高中英语教师（下载报名表填写回传有效）(青年教师),/jobs_view_556587.html,14-24W/年,肇庆博纳实验学校,肇庆-高要区,04-22,本科/1年以上
高中英语教师(青年教师),/jobs_view_227584.html,5-8K/月,黄山市歙州学校,黄山-歙县,04-22,本科/1年以上
高中英语教师(青年教师),/jobs_view_637367.html,8-12W/年,泉州剑影实验学校,泉州-丰泽区,04-22,本科/2年以上
高中英语教师(青年教师),/jobs_view_770641.html,5-10K/月,高青燕园国际学校,山东-淄博,04-22,本科/经验不限
高中英语教师(年薪8-20万),/jobs_view_688799.html,8-16W/年,睢宁县菁华学校,徐州-睢宁县,04-22,本科/1年以上
高中英语教师(年薪5-15万),/jobs_view_638455.html,6-12W/年,铜仁外国语学校,铜仁-碧江区,04-22,本科/1年以上
高中英语教师,/jobs_view_357769.html,6.5-13K/月,河北高碑店市新城紫泉中学,保定-高碑店市,04-22,本科/经验不限
高中英语教师（具体报名请在详情链接政府网报名）,/jobs_view_770413.html,公办教师待遇,方正县高楞高级中学校,哈尔滨-方正县,04-22,本科/经验不限
高中英语教师(优秀教师),/jobs_view_649205.html,12-15W/年,昆明市官渡区北大培文毓秀高级中学,昆明-官渡区,04-22,本科/3年以上
高中英语教师(学科带头人 骨干教师年薪30万),/jobs_view_649218.html,15-18W/年,昆明市官渡区北大培文毓秀高级中学,昆明-官渡区,04-22,本科/5年以上
高中英语教师(骨干教师),/jobs_view_727532.html,8-12W/年,陇南优胜名师堂教育培训学校,陇南-武都区,04-22,本科/3年以上
高中音乐教师,/jobs_view_730174.html,10-16K/月,广州市华美英语实验学校,广州-天河区,04-22,硕士/3年以上
高中语文教师,/jobs_view_608223.html,13-20K/月,广州市华美英语实验学校,广州-天河区,04-22,硕士/3年以上
高中地理教师,/jobs_view_665176.html,13-20K/月,广州市华美英语实验学校,广州-天河区,04-22,硕士/3年以上
高中英语教师,/jobs_view_476283.html,13-20K/月,广州市华美英语实验学校,广州-天河区,04-22,硕士/3年以上
高中物理教师,/jobs_view_542807.html,13-20K/月,广州市华美英语实验学校,广州-天河区,04-22,硕士/3年以上
高中历史教师,/jobs_view_463462.html,13-20K/月,广州市华美英语实验学校,广州-天河区,04-22,硕士/3年以上
高中化学教师,/jobs_view_591866.html,13-20K/月,广州市华美英语实验学校,广州-天河区,04-22,硕士/3年以上
高中数学教师,/jobs_view_477815.html,13-20K/月,广州市华美英语实验学校,广州-天河区,04-22,硕士/3年以上
高中各科教师(骨干教师),/jobs_view_669577.html,10-20K/月,广州市华美英语实验学校,广州-天河区,04-22,本科/3年以上
高中生物教师,/jobs_view_595414.html,13-20K/月,广州市华美英语实验学校,广州-天河区,04-22,硕士/3年以上
双语数学教师,/jobs_view_448787.html,20-25K/月,广州市华美英语实验学校,广州-天河区,04-22,硕士/1年以上
托雅教师,/jobs_view_458556.html,9-18K/月,广州市华美英语实验学校,广州-天河区,04-22,硕士/3年以上
高中政治教师(骨干教师),/jobs_view_693898.html,13-20K/月,广州市华美英语实验学校,广州-天河区,04-22,硕士/3年以上
高中英语教师(骨干教师),/jobs_view_79873.html,12-18W/年,山西省太原杏岭实验学校,太原-杏花岭区,04-22,本科/3年以上
高中英语教师(青年教师),/jobs_view_762792.html,5-7K/月,湖北省世达实用外国语学校,武汉-洪山区,04-22,本科/1年以上
年薪10-15万聘诚高中英语老师,/jobs_view_404613.html,10-15W/年,广东天天向上教育（惠州校区）,惠州-惠城区,04-22,本科/1年以上
英语教师,/jobs_view_654547.html,3.5-7K/月,铜陵市财经学校,铜陵-枞阳县,04-22,本科/经验不限
高三英语教师(骨干教师),/jobs_view_742289.html,18-25W/年,汕头黄冈实验学校,汕头-潮南区,04-22,本科/5年以上
高中英语骨干教师(骨干教师),/jobs_view_544237.html,18-25W/年,汕头黄冈实验学校,汕头-潮南区,04-22,本科/6年以上
高中英语教师(青年教师),/jobs_view_564011.html,6-10K/月,淮南文汇学校,淮南-大通区,04-22,本科/6年以上
高中英语教师(青年教师),/jobs_view_745287.html,8-15K/月,南安市本真高级中学,泉州-南安市,04-22,本科/2年以上
高中英语教师(应届生),/jobs_view_745277.html,7-10K/月,南安市本真高级中学,泉州-南安市,04-22,本科/应届生
高中英语教师(青年教师),/jobs_view_694526.html,10-20W/年,南安市本真高级中学,泉州-南安市,04-22,本科/1年以上
高中英语教师(骨干教师),/jobs_view_694535.html,15-30W/年,南安市本真高级中学,泉州-南安市,04-22,本科/5年以上
高中英语教师,/jobs_view_652541.html,15-30W/年,唐山东方学校,唐山-路北区,04-22,本科/1年以上
高中英语教师(青年教师),/jobs_view_750238.html,15-30W/年,唐山东方学校,唐山-路北区,04-22,本科/1年以上
高中英语教师(青年教师),/jobs_view_678859.html,10-18W/年,湖北通山县振新学校,咸宁-通山县,04-22,本科/1年以上
高中英语教师,/jobs_view_753568.html,10-20W/年,湘一阳明学校,永州-双牌县,04-22,本科/经验不限
高中英语教师（在职教师--年薪20万以上，还有股份）(骨干教师),/jobs_view_395293.html,20-30W/年,怀化市诚信中学,怀化-中方县,04-22,本科/3年以上
高中英语教师(优秀在职教师),/jobs_view_767059.html,10-15W/年,滨城区授田英才学园,滨州-滨城区,04-22,本科/1年以上
高中英语教师(班主任),/jobs_view_728768.html,12-22W/年,南安市正观高级中学,泉州-南安市,04-22,本科/5年以上
高中英语学科主任,/jobs_view_673463.html,20-40W/年,南安市正观高级中学,泉州-南安市,04-22,本科/8年以上
高中英语教师(青年教师),/jobs_view_601698.html,10-15W/年,南安市正观高级中学,泉州-南安市,04-22,本科/3年以上
高中英语老师（急聘）(应届生),/jobs_view_239468.html,5-10K/月,广州花都区求知教育,广州-花都区,04-22,本科/应届生
高中英语教师(青年教师),/jobs_view_664152.html,6-12W/年,祁县靖烨双语学校,晋中-祁县,04-22,本科/2年以上
高中英语教师(骨干教师),/jobs_view_757515.html,12-20K/月,龙港市学嘉信息咨询服务部,温州-龙港市,04-22,本科/5年以上
高中英语教师(骨干教师),/jobs_view_368904.html,14-20W/年,蚌埠博雅培文实验学校（高中阶段）,蚌埠-淮上区,04-22,本科/8年以上
高中英语教师(合格教师),/jobs_view_28818.html,14-20W/年,宁波光华学校,宁波-慈溪市,04-22,本科/1年以上
国际部英语老师(青年教师),/jobs_view_68333.html,12-15K/月,宁波光华学校,宁波-慈溪市,04-22,本科/1年以上
高中英语教师,/jobs_view_755692.html,10-20W/年,枣庄市台儿庄安泰高级中学,枣庄-台儿庄区,04-22,本科/经验不限
高中英语老师（高薪急聘）,/jobs_view_440582.html,15-30W/年,湖北省方子教育管理投资有限公司,孝感-孝南区,04-22,本科/1年以上
高中英语教师(青年教师),/jobs_view_447618.html,5-9K/月,歙县紫阳学校,黄山-歙县,04-22,本科/1年以上
高中英语教师(青年教师),/jobs_view_754275.html,6-12W/年,周口市江南高级中学,周口-川汇区,04-22,本科/经验不限
高中英语教师(骨干教师),/jobs_view_754288.html,10-20W/年,周口市江南高级中学,周口-川汇区,04-22,本科/5年以上
高中英语教师(专家级名师),/jobs_view_754302.html,20-40W/年,周口市江南高级中学,周口-川汇区,04-22,本科/8年以上
高中英语教师(清北名师),/jobs_view_743950.html,22-30W/年,来安天立高级中学,滁州-来安县,04-22,本科/6年以上
高中英语教师(骨干教师),/jobs_view_743933.html,12-22W/年,来安天立高级中学,滁州-来安县,04-22,本科/3年以上
高中英语教师,/jobs_view_765240.html,12-18W/年,贵州省遵义市习水县行知中学,遵义-习水县,04-22,本科/1年以上
诚聘初高中英语老师,/jobs_view_491606.html,6-10K/月,惠州市睿文教育咨询有限公司,惠州-惠阳区,04-22,大专/1年以上
高中英语教师(合格教师)+包吃,/jobs_view_588324.html,6-10K/月,惠州市睿文教育咨询有限公司,惠州-惠阳区,04-22,大专/应届生
初高中英语老师,/jobs_view_609452.html,6-10K/月,惠州市睿文教育咨询有限公司,惠州-惠阳区,04-22,大专/应届生
高中英语教师,/jobs_view_711265.html,10-20W/年,漳州市龙人艺文职业技术学校,漳州-芗城区,04-22,本科/应届生
高中英语教师(青年教师)..,/jobs_view_754038.html,7-14K/月,广州市番禺区翰林学堂培训中心有限公司(中高考复读),广州-番禺区,04-22,本科/4年以上
高中英语教师(专家级名师),/jobs_view_692298.html,30-45K/月,广州市番禺区翰林学堂培训中心有限公司(中高考复读),广州-番禺区,04-22,本科/10年以上
高中英语教师.(青年教师),/jobs_view_770516.html,10-15W/年,广州市番禺区翰林学堂培训中心有限公司(中高考复读),广州-番禺区,04-22,本科/2年以上
高中英语教师(青年教师),/jobs_view_693584.html,15-30K/月,广州市番禺区翰林学堂培训中心有限公司(中高考复读),广州-番禺区,04-22,本科/1年以上
高中英语教师,/jobs_view_695391.html,10-15W/年,徐州市铜山区博源学校,徐州-铜山区,04-22,本科/1年以上
高中英语教师(青年教师),/jobs_view_659463.html,15W/年,无锡市慧源培训中心（高考复读）,无锡-滨湖区,04-22,本科/3年以上
高中英语教师(青年教师),/jobs_view_758564.html,16-26W/年,浙江省东阳市尚学传麒学校,金华-东阳市,04-22,本科/1年以上
高中英语教师(骨干教师),/jobs_view_380479.html,10-18W/年,江苏省东台市富腾学校,盐城-东台市,04-22,硕士/3年以上
高中英语教师(骨干教师),/jobs_view_697972.html,12-24W/年,新乡育才高级中学,新乡-凤泉区,04-22,本科/6年以上
高中英语教师(青年教师及应届生),/jobs_view_697997.html,7-12W/年,新乡育才高级中学,新乡-凤泉区,04-22,本科/经验不限
高中英语教师(骨干教师),/jobs_view_766735.html,20-30W/年,万行猎头  教师岗,山东-滨州,04-22,本科/5年以上
高中英语教师(苏州 骨干教师),/jobs_view_768809.html,16-25W/年,万行猎头  教师岗,江苏-苏州,04-22,本科/5年以上
高中英语教师(福建 骨干教师),/jobs_view_750712.html,15-22W/年,万行猎头  教师岗,三明-泰宁县,04-22,本科/6年以上
高中英语教师(学科带头人),/jobs_view_762704.html,25-40W/年,万行猎头  教师岗,山东-滨州,04-22,本科/10年以上
高中英语教师(浙江 骨干教师),/jobs_view_747524.html,20-35W/年,万行猎头  教师岗,浙江-衢州,04-22,本科/6年以上
高中英语教师(常州 骨干教师),/jobs_view_757486.html,16-25W/年,万行猎头  教师岗,江苏-常州,04-22,本科/10年以上
高中英语教师,/jobs_view_444310.html,10-20K/月,吉安外国语实验学校,吉安-吉安县,04-22,本科/1年以上
高中英语教师(青年教师),/jobs_view_766772.html,10-15K/月,苍南县金乡卫城中学,温州-苍南县,04-22,本科/经验不限
高中英语教师,/jobs_view_438563.html,8-16W/年,海口滨江高级中学,海口-美兰区,04-22,本科/3年以上
高中英语教师(骨干教师),/jobs_view_660746.html,12.5-25W/年,海口滨江高级中学,海口-美兰区,04-22,本科/5年以上
国际高中英语教师,/jobs_view_413063.html,12-15W/年,启迪外国语学校,南通-启东市,04-22,本科/1年以上
高中英语教师(骨干教师),/jobs_view_667661.html,20-22W/年,杭州钱塘新区泰来培训学校,杭州-钱塘区,04-22,本科/6年以上
高中英语教师,/jobs_view_563056.html,16-22K/月,杭州钱塘新区泰来培训学校,杭州-钱塘区,04-22,本科/3年以上
高中英语教师(骨干教师),/jobs_view_710809.html,15-20W/年,临沂爱丽斯高级中学,临沂-郯城县,04-22,硕士/6年以上
高中英语教师(应往届毕业生),/jobs_view_710782.html,12-15W/年,临沂爱丽斯高级中学,临沂-郯城县,04-22,硕士/应届生
高中英语教师,/jobs_view_687248.html,6-10K/月,山东省济宁市鱼台培英学校,济宁-鱼台县,04-22,本科/3年以上
高中英语教师(骨干教师),/jobs_view_677269.html,20-40W/年,合肥锦绣中学,合肥-蜀山区,04-22,本科/5年以上
高中英语教师,/jobs_view_702510.html,8-16W/年,衡阳市衡郡高级中学,衡阳-衡东县,04-22,本科/经验不限
高中英语教师,/jobs_view_687219.html,5-10K/月,湖北黄冈蕲春英才学校,黄冈-蕲春县,04-22,本科/应届生
高中英语教师(骨干教师),/jobs_view_631894.html,18-25W/年,汕头市潮阳区民兴学校,汕头-潮阳区,04-22,本科/10年以上
高中英语教师(青年教师),/jobs_view_631913.html,15-20W/年,汕头市潮阳区民兴学校,汕头-潮阳区,04-22,本科/5年以上
高中英语教师,/jobs_view_734740.html,15-20W/年,利辛县五育中学,亳州-利辛县,04-22,本科/1年以上
高中英语教师(骨干教师),/jobs_view_715272.html,20-35W/年,肇庆市碧海湾学校,肇庆-怀集县,04-22,本科/5年以上
高中英语教师(学科带头人),/jobs_view_735827.html,18-23K/月,肇庆市碧海湾学校,肇庆-怀集县,04-22,本科/3年以上
高中英语教师,/jobs_view_750171.html,7-9K/月,兴国县卓越高级中学,赣州-兴国县,04-22,本科/2年以上
高中英语老师(青年教师),/jobs_view_232542.html,7-12W/年,汕头育能实验学校,汕头-金平区,04-22,本科/1年以上
高中英语教师(青年教师),/jobs_view_628734.html,10-15W/年,宿城一中城南学校,宿州-埇桥区,04-22,本科/1年以上
高中英语教师(青年教师),/jobs_view_752723.html,8-12K/月,浠水县冠乔高级中学,黄冈-浠水县,04-22,本科/经验不限
高中英语教师(骨干教师),/jobs_view_697477.html,8-15K/月,浠水县冠乔高级中学,黄冈-浠水县,04-22,本科/3年以上
高中英语教师(骨干教师),/jobs_view_721002.html,14-18W/年,重庆市东川高级中学,重庆-沙坪坝区,04-22,本科/3年以上
高中英语教师(青年教师),/jobs_view_727054.html,12-16W/年,重庆市东川高级中学,重庆-沙坪坝区,04-22,本科/应届生
高中英语教师(骨干教师),/jobs_view_761412.html,30-40W/年,普宁新世界中英文学校（实验部）,揭阳-普宁市,04-22,本科/6年以上
高中英语教师(青年教师),/jobs_view_624410.html,10-20K/月,大厂回族自治县中未学校,廊坊-大厂回族自治县,04-22,本科/经验不限
2023高中英语教师(应届生),/jobs_view_734868.html,8-10K/月,大厂回族自治县中未学校,廊坊-大厂回族自治县,04-22,本科/应届生
高中英语教师,/jobs_view_759304.html,8-12K/月,黄山文峰学校,黄山-徽州区,04-22,本科/3年以上
高中英语教师(骨干教师),/jobs_view_757511.html,9-18W/年,五河致远实验学校,蚌埠-五河县,04-22,本科/3年以上
高中英语教师,/jobs_view_384867.html,22W/年,佛山市顺德区文德学校,佛山-顺德区,04-22,本科/经验不限
兼职高中英语教师(骨干教师),/jobs_view_750991.html,200-400元/课时,梦航培训学校有限公司,杭州-滨江区,04-21,本科/3年以上
高中英语教师(应届生),/jobs_view_720774.html,11-13W/年,天津市新城高级中学,天津-武清区,04-21,硕士/应届生
高中英语教师(骨干教师),/jobs_view_720788.html,14-20W/年,天津市新城高级中学,天津-武清区,04-21,本科/3年以上
高中青年英语教师,/jobs_view_711187.html,24-48W/年,武阳书院,温州-文成县,04-21,本科/3年以上
英语教师(40岁以内),/jobs_view_709382.html,24-48W/年,武阳书院,温州-文成县,04-21,本科/3年以上
高中英语教师(骨干教师),/jobs_view_756139.html,13-25W/年,通山县新时代高级中学,咸宁-通山县,04-21,本科/6年以上
高中英语教师(青年教师),/jobs_view_756124.html,8-16W/年,通山县新时代高级中学,咸宁-通山县,04-21,本科/经验不限
高中英语教师(青年教师),/jobs_view_762805.html,8-16K/月,广州花都区静距离教育培训中心有限公司,广州-花都区,04-21,本科/1年以上
校长学科助理（英语）,/jobs_view_770808.html,10-12K/月,砚山明本中学,文山州-砚山县,04-21,本科/经验不限
语文、数学、英语、物理、化学、政治、地理、音乐、美术教师,/jobs_view_737151.html,6-10K/月,砚山明本中学,文山州-砚山县,04-21,本科/经验不限
高中英语教师,/jobs_view_447947.html,8-16W/年,湖北咸宁鲁迅学校,咸宁-咸安区,04-21,本科/3年以上
高中英语教师(青年教师),/jobs_view_626814.html,12-24W/年,长沙市芙蓉高级中学,长沙-芙蓉区,04-21,本科/3年以上
高中英语教师(骨干教师),/jobs_view_626831.html,15-30W/年,长沙市芙蓉高级中学,长沙-芙蓉区,04-21,本科/6年以上
高中英语教师(骨干教师),/jobs_view_706659.html,12-15W/年,黄石市乐知高考复读中心,黄石-下陆区,04-21,本科/6年以上
高中英语教师(青年教师),/jobs_view_702383.html,8-10W/年,黄石市乐知高考复读中心,黄石-下陆区,04-21,本科/1年以上
高中英语教师（优秀教师，学科带头人）,/jobs_view_737153.html,20-30W/年,砚山明本中学,文山州-砚山县,04-21,本科/3年以上
高中英语教师(应届生),/jobs_view_737162.html,6-10K/月,砚山明本中学,文山州-砚山县,04-21,本科/应届生
高中英语教师,/jobs_view_738479.html,15-30W/年,东莞市礼仁外国语学校,广东-东莞,04-21,本科/经验不限
高中英语实习教师,/jobs_view_769795.html,15-30W/年,东莞市礼仁外国语学校,广东-东莞,04-21,本科/经验不限
国际课程英语教师,/jobs_view_559399.html,15-30W/年,东莞市礼仁外国语学校,广东-东莞,04-21,本科/1年以上
高中英语教师,/jobs_view_602576.html,20-40W/年,东莞市弘林高级中学,广东-东莞,04-21,本科/应届生
高中英语教师,/jobs_view_703442.html,15-20K/月,北京市海淀外国语实验学校,北京-海淀区,04-21,本科/2年以上
急招高中英语教师,/jobs_view_710677.html,6-10K/月,张家港市舞蹈学校,苏州-张家港市,04-21,本科/1年以上
高中英语教师(学科带头人),/jobs_view_590563.html,16-19W/年,张家港市舞蹈学校,苏州-张家港市,04-21,本科/3年以上
高中英语教师(青年教师),/jobs_view_735038.html,15-30K/月,惠州市泰雅实验高中,惠州-惠阳区,04-21,本科/1年以上
高中英语教师,/jobs_view_647697.html,6-10K/月,红安县育才中学,黄冈-红安县,04-21,本科/1年以上
高中英语教师(应届生),/jobs_view_706630.html,7-9K/月,怀仁市第十一中学校高中部,山西-朔州,04-21,本科/应届生
高中英语教师(应届生),/jobs_view_707357.html,5-10K/月,闻喜县华涛中学,山西-运城,04-21,本科/1年以上
高中英语教师(合格教师),/jobs_view_566689.html,6-10K/月,辽宁阜新育才集团,阜新-海州区,04-21,本科/应届生
高中英语教师,/jobs_view_589363.html,4-8K/月,鞍山市文华学校,鞍山-立山区,04-21,本科/1年以上
急聘高中英语教师,/jobs_view_713370.html,8-16W/年,枣庄市峄城区峄州高级中学,枣庄-峄城区,04-21,本科/1年以上
高中英语教师,/jobs_view_713361.html,8-16W/年,枣庄市峄城区峄州高级中学,枣庄-峄城区,04-21,本科/1年以上
高中英语教师,/jobs_view_714196.html,7-12W/年,郑州津孚国际学校,河南-郑州,04-21,本科/应届生
高中英语教师,/jobs_view_717849.html,7-10K/月,山东曹县民立中学,菏泽-曹县,04-21,本科/1年以上
急聘高中英语教师,/jobs_view_731488.html,4-6K/月,聊城市明远技工学校,山东-聊城,04-21,大专/3年以上
高中英语教师,/jobs_view_719508.html,4-6K/月,聊城市明远技工学校,山东-聊城,04-21,大专/3年以上
高中英语教师,/jobs_view_719184.html,4.5-9K/月,山东省曹县北城中学,菏泽-曹县,04-21,本科/应届生
高中英语教师(青年教师),/jobs_view_719197.html,4.5-9K/月,山东省曹县北城中学,菏泽-曹县,04-21,本科/1年以上
高中英语教师,/jobs_view_722033.html,3-6K/月,运城市薛辽中学,山西-运城,04-21,本科/1年以上
高中英语教师,/jobs_view_448708.html,4-6K/月,曲阜鲁韵技工学校,济宁-曲阜市,04-21,本科/1年以上
急聘高中英语教师,/jobs_view_724253.html,6-12K/月,南阳市张衡学校,河南-南阳,04-21,本科/2年以上
高中英语教师,/jobs_view_724198.html,6-12K/月,南阳市张衡学校,河南-南阳,04-21,本科/2年以上
高中英语教师(应往届毕业生),/jobs_view_747359.html,7-10K/月,黔西南州崇文中学,黔西南州-兴义市,04-21,本科/应届生
高中英语教师(在职教师),/jobs_view_747368.html,9-18K/月,黔西南州崇文中学,黔西南州-兴义市,04-21,本科/3年以上
高中英语教师,/jobs_view_764746.html,8-12W/年,罗山县宝城外国语学校,信阳-罗山县,04-21,本科/经验不限
高中英语教师,/jobs_view_732291.html,3-6K/月,邯郸实用中等专业学校,邯郸-永年区,04-21,本科/1年以上
高中英语教师(骨干教师),/jobs_view_620869.html,16-32W/年,贵阳市观山湖区普瑞学校,贵阳-观山湖区,04-21,硕士/5年以上
高中英语教师,/jobs_view_311647.html,12-20W/年,河南宏力学校,新乡-长垣市,04-21,本科/应届生
高中英语教师(青年教师),/jobs_view_668953.html,4.5-8.5K/月,聊城文苑中学,聊城-东昌府区,04-21,本科/1年以上
高中英语教师,/jobs_view_731131.html,4-5K/月,朝阳市富民学校,朝阳-双塔区,04-21,本科/1年以上
急聘高中英语教师,/jobs_view_731137.html,4-5K/月,朝阳市富民学校,朝阳-双塔区,04-21,本科/1年以上
高中英语教师(优秀教师),/jobs_view_675994.html,12-20W/年,定州市开元学校,保定-定州市,04-21,本科/5年以上
高中英语教师(骨干/特级/学科带头人),/jobs_view_676013.html,25-50W/年,定州市开元学校,保定-定州市,04-21,本科/8年以上
高中英语教师(青年教师),/jobs_view_675955.html,6-12W/年,定州市开元学校,保定-定州市,04-21,本科/1年以上
高中英语教师(青年教师),/jobs_view_769654.html,3.5-6K/月,沈阳市中山私立高级中学,沈阳-沈北新区,04-21,本科/1年以上
高中英语教师（优秀毕业生）(应届生),/jobs_view_465111.html,6-8W/年,无锡先锋高级中学,无锡-梁溪区,04-21,本科/应届生
高中英语教师(青年教师),/jobs_view_746813.html,8-15K/月,北京领世瑞丰教育科技有限公司,北京-朝阳区,04-21,本科/1年以上
高中英语教师(五险一金+食宿）,/jobs_view_622984.html,5-10K/月,沾化实验高中,滨州-沾化区,04-21,本科/1年以上
高中英语教师(青年教师),/jobs_view_751807.html,10-20W/年,邓州市致远学校,南阳-邓州市,04-21,本科/1年以上
高中英语教师(骨干教师),/jobs_view_753167.html,8-15K/月,桦南县培黎学校,佳木斯-桦南县,04-21,本科/1年以上
高中英语教师(青年教师),/jobs_view_753061.html,5-10K/月,桦南县培黎学校,佳木斯-桦南县,04-21,本科/1年以上
高中语文/英语/生物资深教师(骨干教师),/jobs_view_760095.html,15-25K/月,杭州铭师堂数字科技有限公司,杭州-拱墅区,04-21,本科/8年以上
高中英语学科教师(骨干教师),/jobs_view_758212.html,14-20K/月,杭州铭师堂数字科技有限公司,杭州-拱墅区,04-21,本科/5年以上
高中英语教师（5月2-3日面试）,/jobs_view_751374.html,12-24W/年,南安市博雅公学滨海实验学校,泉州-南安市,04-21,本科/经验不限
高中英语教师(名优教师),/jobs_view_674314.html,18-35W/年,赣州市全南县燕园实验中学,赣州-全南县,04-21,本科/10年以上
高中英语教师(骨干教师),/jobs_view_674301.html,12-18W/年,赣州市全南县燕园实验中学,赣州-全南县,04-21,本科/3年以上
高中英语教师(青年教师),/jobs_view_674269.html,8-12W/年,赣州市全南县燕园实验中学,赣州-全南县,04-21,本科/1年以上
高中英语教师(中青年教师),/jobs_view_764004.html,10-15K/月,南京赫贤学校,南京-江宁区,04-21,本科/5年以上
高中英语教师(专家级名师),/jobs_view_746867.html,20-25K/月,南京赫贤学校,南京-江宁区,04-21,本科/10年以上
高中英语教师(青年教师),/jobs_view_631071.html,10-15W/年,湖南省株洲健坤潇湘高级中学,株洲-渌口区,04-21,本科/1年以上
高中英语教师(骨干教师),/jobs_view_392132.html,10-18W/年,太原市鲁艺中学校,太原-尖草坪区,04-21,本科/3年以上
高中英语教师,/jobs_view_625877.html,20-30K/月,深圳市盐田区梅沙双语学校,深圳-盐田区,04-21,本科/3年以上
高中英语教师(青年教师),/jobs_view_754619.html,5-10K/月,邯郸市文侯中等职业学校,邯郸-魏县,04-21,本科/1年以上
初高中英语教师(骨干教师),/jobs_view_406294.html,6-12K/月,安顺市平坝区新启航教育科技有限公司,安顺-平坝区,04-21,本科/1年以上
高中英语教师,/jobs_view_566855.html,5-8K/月,海口市罗牛山学校,海口-美兰区,04-21,本科/1年以上
高中英语教师,/jobs_view_758756.html,12-20W/年,永州市冠一高级中学（筹）,永州-道县,04-21,本科/经验不限
高中英语教师(骨干教师),/jobs_view_748476.html,13-18K/月,永州市冠一高级中学（筹）,永州-道县,04-21,本科/3年以上
高中英语教师(青年教师),/jobs_view_753380.html,12-22W/年,惠州市正弘实验学校,惠州-惠城区,04-21,本科/1年以上
高中英语教师,/jobs_view_425374.html,15-30W/年,济阳闻韶中学,济南-济阳区,04-21,本科/经验不限
高中英语教师(优秀教师),/jobs_view_600933.html,10-15W/年,营口市存志学校,营口-西市区,04-21,本科/3年以上
高中英语教师(学科带头人),/jobs_view_600958.html,15-20W/年,营口市存志学校,营口-西市区,04-21,本科/10年以上
高中英语教师(应届生),/jobs_view_600900.html,5-10W/年,营口市存志学校,营口-西市区,04-21,本科/应届生
高中英语教师(年薪15-50万),/jobs_view_680331.html,15-30W/年,潮州市光正实验学校,潮州-湘桥区,04-21,本科/1年以上
兼职高中英语教师(骨干教师),/jobs_view_757877.html,400-700元/课时,杭州市富阳区百狮教育培训学校,杭州-富阳区,04-21,本科/3年以上
高中英语教师,/jobs_view_636727.html,12-15K/月,成都市郫都区博瑞实验学校,成都-郫都区,04-21,本科/3年以上
高中英语教师(骨干教师),/jobs_view_737554.html,15-20K/月,金华市新东方双语学校,金华-婺城区,04-21,本科/5年以上
初中英语教师,/jobs_view_381281.html,9-18W/年,重庆市远恒佳学校,重庆-长寿区,04-21,本科/5年以上
招聘高中英语教师,/jobs_view_407625.html,9-18W/年,重庆市远恒佳学校,重庆-长寿区,04-21,本科/3年以上
高中英语教师(青年教师),/jobs_view_758326.html,9-15W/年,福建省建瓯市建州外国语高级中学（筹）,南平-建瓯市,04-21,本科/经验不限
高中英语教师(青年教师),/jobs_view_560969.html,6-9K/月,安康黄冈实验学校,安康-汉滨区,04-21,本科/1年以上
高中英语教师,/jobs_view_689298.html,8-15W/年,北京外国语大学附属郑州（新密）外国语学校,郑州-新密市,04-21,本科/经验不限
高中英语教师(骨干教师),/jobs_view_627257.html,18-35W/年,佛山市华大星晖高级中学,佛山-三水区,04-21,本科/3年以上
高中英语教师,/jobs_view_748975.html,12-18W/年,佛山市华大星晖高级中学,佛山-三水区,04-21,本科/经验不限
高中英语教师(请直接打电话报名邹校长：13970199278,/jobs_view_695241.html,15-20W/年, 鹰潭市中山学校,鹰潭-余江区,04-21,本科/3年以上
高中英语教师,/jobs_view_545546.html,12-24W/年,潍坊天立学校,潍坊-寒亭区,04-21,本科/3年以上
高中英语教师(青年教师),/jobs_view_762826.html,15-30W/年,重庆市潼南巴川中学校,重庆-潼南区,04-21,本科/经验不限
高中英语教师(应届生),/jobs_view_738107.html,12-15W/年,惠州市榕城职业技术学校,惠州-博罗县,04-21,本科/应届生
高中英语教师(专家级名师),/jobs_view_723848.html,12-18W/年,云南丽江文林实验学校,丽江-古城区,04-21,本科/9年以上
高中英语教师(骨干教师),/jobs_view_723860.html,10-15W/年,云南丽江文林实验学校,丽江-古城区,04-21,本科/6年以上
高中英语教师(骨干教师),/jobs_view_753541.html,18-32W/年, 惠州仲恺高新区宏华学校 ,惠州-惠城区,04-21,本科/10年以上
高中英语教师(青年教师),/jobs_view_753540.html,16-32W/年, 惠州仲恺高新区宏华学校 ,惠州-惠城区,04-21,本科/3年以上
高中英语教师(应届生),/jobs_view_753538.html,16-32W/年, 惠州仲恺高新区宏华学校 ,惠州-惠城区,04-21,本科/应届生
高中英语教师,/jobs_view_500857.html,8-15W/年,曹县苏教实验高级中学,菏泽-曹县,04-21,本科/经验不限
高中英语(青年教师),/jobs_view_501509.html,12-24W/年,三门启超中学,台州-三门县,04-21,本科/应届生
高中英语教师（2023年秋季）,/jobs_view_644359.html,14-16W/年,北京大学附属中学海口学校,海口-秀英区,04-21,本科/5年以上
高中英语教师(应届生),/jobs_view_746466.html,8-12W/年,烟台天立高级中学,烟台-福山区,04-21,本科/应届生
高中英语教师(骨干教师),/jobs_view_746521.html,10-20W/年,烟台天立高级中学,烟台-福山区,04-21,本科/3年以上
高中英语教师,/jobs_view_770713.html,10-20W/年,麻城市博达学校,黄冈-麻城市,04-21,本科/1年以上
高中英语教师(应届生),/jobs_view_595597.html,18-24W/年,东莞市北辰高级中学,广东-东莞,04-21,本科/应届生
高中英语教师(学科带头人),/jobs_view_532383.html,38W/年,东莞市北辰高级中学,广东-东莞,04-21,本科/8年以上
高中英语教师,/jobs_view_532340.html,28W/年,东莞市北辰高级中学,广东-东莞,04-21,本科/3年以上
高中英语教师,/jobs_view_655018.html,5-8K/月,南阳市元培实验高级中学,南阳-宛城区,04-21,本科/1年以上
高中英语教师(合格教师),/jobs_view_567895.html,4-8K/月,山阴县昱仁中学,朔州-山阴县,04-21,本科/1年以上
高中英语教师（月薪5000-20000）,/jobs_view_764108.html,5-10K/月,新乡市辅豫实验高级中学,新乡-经济技术开发区,04-21,本科/经验不限
高薪诚聘高中英语优秀教师(骨干教师),/jobs_view_150429.html,8-12K/月,江西兴国将军中学,赣州-兴国县,04-21,本科/3年以上
高中英语教师(应届生),/jobs_view_642407.html,8-12W/年,江西兴国将军中学,赣州-兴国县,04-21,本科/应届生
高中英语教师(青年教师),/jobs_view_753218.html,12-24W/年,广东韶关实验中学,韶关-武江区,04-21,本科/3年以上
高中英语教师(骨干教师),/jobs_view_594736.html,30-50W/年,深圳市华朗学校,深圳-坪山区,04-21,本科/3年以上
高中英语教师（年薪12-30万）,/jobs_view_290233.html,12-24W/年,遂宁市安居育才中学校,遂宁-安居区,04-21,本科/经验不限
高中英语教师(青年教师),/jobs_view_762707.html,10-20W/年,任丘市博雅高级中学,沧州-任丘市,04-21,本科/经验不限
高中英语名师（年薪20-30万）(专家级名师),/jobs_view_522943.html,20-30W/年,湖南金海闪光教育,长沙-雨花区,04-21,本科/10年以上
高中英语教师（年薪8-15万）,/jobs_view_522925.html,8-15W/年,湖南金海闪光教育,长沙-雨花区,04-21,本科/1年以上
高中英语教师(青年教师),/jobs_view_755392.html,7-14W/年,承德华臻学校,承德-丰宁满族自治县,04-21,本科/1年以上
高中英语教师(骨干教师),/jobs_view_613316.html,15-25W/年,承德华臻学校,承德-丰宁满族自治县,04-21,本科/6年以上
高中英语教师(助教),/jobs_view_698833.html,7-12W/年,郑州国师实验高中,郑州-荥阳市,04-21,本科/应届生
高中英语教师,/jobs_view_749179.html,15-30W/年,郑州国师实验高中,郑州-荥阳市,04-21,本科/6年以上
高中英语教师(专家级名师),/jobs_view_748567.html,30-40W/年,太原市扬帆双语学校（筹）,太原-清徐县,04-21,本科/10年以上
高中英语教师(骨干教师),/jobs_view_748548.html,20-30W/年,太原市扬帆双语学校（筹）,太原-清徐县,04-21,本科/10年以上
高中英语教师(骨干教师),/jobs_view_641611.html,12-20K/月,福州市立仁教育科技有限公司,福州-仓山区,04-21,本科/3年以上
高中英语教师(骨干教师),/jobs_view_714529.html,16-30W/年,福州市立仁教育科技有限公司,福州-仓山区,04-21,本科/1年以上
高中英语教师(骨干教师*),/jobs_view_644965.html,12-20K/月,福州市立仁教育科技有限公司,福州-仓山区,04-21,本科/2年以上
高中英语教师,/jobs_view_131070.html,9-16W/年,广元市黄冈学校,广元-利州区,04-21,本科/3年以上
高中英语教师,/jobs_view_18095.html,8-15K/月,滁州凤阳博文学校,滁州-凤阳县,04-21,本科/经验不限
高中英语教师(合格教师),/jobs_view_351504.html,6-8K/月,仰恩大学附属学校,泉州-洛江区,04-21,本科/1年以上
国际高中A-level&DP英语教师及助教(合格教师),/jobs_view_304893.html,15-25W/年,惠东县稔山碧桂园十里银滩学校,惠州-惠东县,04-21,硕士/1年以上
急聘-国内高中英语教师,/jobs_view_587522.html,10-18K/月,惠东县稔山碧桂园十里银滩学校,惠州-惠东县,04-21,本科/3年以上
DSE英语教师(青年教师),/jobs_view_654422.html,10-20K/月,惠东县稔山碧桂园十里银滩学校,惠州-惠东县,04-21,本科/1年以上
国际高中英语教师(青年教师),/jobs_view_618877.html,15-25W/年,惠东县稔山碧桂园十里银滩学校,惠州-惠东县,04-21,硕士/3年以上
急聘-国际高中DP英语教师,/jobs_view_424220.html,18-25W/年,惠东县稔山碧桂园十里银滩学校,惠州-惠东县,04-21,硕士/1年以上
高中英语教师(青年教师),/jobs_view_767720.html,6-12W/年,福建顺昌金桥学校,南平-顺昌县,04-21,本科/经验不限
高中英语教师(青年教师),/jobs_view_770690.html,9-16W/年,太原维刚实验学校,太原-小店区,04-21,本科/3年以上
高中英语教师(应届生),/jobs_view_768090.html,8-15W/年,四川鸿鹄科智教育科技有限责任公司,成都-成华区,04-21,本科/应届生
高中英语教研员(年薪12-30万),/jobs_view_768124.html,12-24W/年,四川鸿鹄科智教育科技有限责任公司,成都-成华区,04-21,本科/5年以上
高中英语教师(成熟教师),/jobs_view_768107.html,10-20W/年,四川鸿鹄科智教育科技有限责任公司,成都-成华区,04-21,本科/1年以上
高中英语教师(骨干教师),/jobs_view_768492.html,12-20W/年,黄梅县育才高级中学,黄冈-黄梅县,04-21,本科/6年以上
高中英语教师(青年教师),/jobs_view_768482.html,9-12W/年,黄梅县育才高级中学,黄冈-黄梅县,04-21,本科/1年以上
高中英语教师(青年教师),/jobs_view_382987.html,6-12W/年,黄石市育英高中,黄石-铁山区,04-21,本科/3年以上
高中英语教师(特、高级教师),/jobs_view_697629.html,30-40W/年,北京德馨高中,北京-平谷区,04-21,本科/6年以上
高中英语教师(青年教师),/jobs_view_697616.html,20-30W/年,北京德馨高中,北京-平谷区,04-21,本科/1年以上
高中英语教师(骨干教师),/jobs_view_576848.html,15-25K/月,虹桥中学分校,温州-乐清市,04-21,本科/5年以上
高中英语教师(骨干教师),/jobs_view_676252.html,12-24W/年,鹤山市昆仑学校,江门-鹤山市,04-21,本科/1年以上
高中英语教师,/jobs_view_712029.html,15-25W/年,南京书人实验学校,南京-浦口区,04-21,本科/1年以上
高中英语教师（高三）(骨干教师),/jobs_view_635974.html,15-25K/月,南京书人实验学校,南京-浦口区,04-21,本科/10年以上
高中英语教师,/jobs_view_770314.html,6-12W/年,安阳市龙安区龙骏中学,安阳-龙安区,04-21,本科/1年以上
高三英语教师（学科主任）(学科带头人),/jobs_view_740806.html,20-25W/年,福州高新区高宏培训学校,福州-闽侯县,04-21,本科/10年以上
高中英语教师,/jobs_view_740473.html,15-30W/年,苏州新草桥中学,苏州-虎丘区,04-21,本科/3年以上
高中英语教师(青年教师),/jobs_view_749941.html,15-30W/年,石家庄私立第一中学,石家庄-裕华区,04-21,本科/1年以上
高中英语教师(应届生),/jobs_view_749929.html,8-15W/年,石家庄私立第一中学,石家庄-裕华区,04-21,本科/应届生
高中英语教师(青年教师),/jobs_view_718446.html,10-13K/月,贵州黔进教育咨询有限公司,贵阳-观山湖区,04-21,本科/3年以上
高中英语教师(骨干教师),/jobs_view_682409.html,30-50W/年,湖北省公安县博雅中学,荆州-公安县,04-21,本科/6年以上
高中英语教师,/jobs_view_352235.html,6-10K/月,湖北省公安县博雅中学,荆州-公安县,04-21,本科/经验不限
高中英语教师(骨干教师),/jobs_view_661142.html,8-12K/月,上海市虹口区实践外国语进修学校,上海-虹口区,04-21,本科/5年以上
高中英语教师(合格教师),/jobs_view_572551.html,6-12K/月,鸿顺教育,合肥-长丰县,04-21,本科/1年以上
高中英语教师(合格教师),/jobs_view_411624.html,8-15K/月,衡水志华实验中学,衡水-桃城区,04-21,本科/1年以上
高中英语教师(本科学历年薪10-30w),/jobs_view_740990.html,10-20W/年,青岛培文学校(筹）,青岛-城阳区,04-21,本科/经验不限
高中英语教师(硕士学历年薪15-35w),/jobs_view_741014.html,15-30W/年,青岛培文学校(筹）,青岛-城阳区,04-21,硕士/经验不限
高中英语教师（博士学历年薪20-50w),/jobs_view_741031.html,20-40W/年,青岛培文学校(筹）,青岛-城阳区,04-21,博士/经验不限
高中英语教师(骨干教师),/jobs_view_519066.html,12-20K/月,武汉华中艺术学校,武汉-洪山区,04-21,本科/5年以上
高中英语教师(青年教师),/jobs_view_766469.html,13-23W/年,阳江市黄冈实验学校,阳江-江城区,04-21,本科/经验不限
高中英语教师(青年教师),/jobs_view_768500.html,5-6K/月,临海市警备育才学校,台州-临海市,04-21,大专/经验不限
高中英语教师(骨干教师),/jobs_view_606831.html,15-25W/年,长沙市明达中学,长沙-长沙县,04-21,本科/3年以上
高中英语教师(骨干教师),/jobs_view_763779.html,10-12W/年,广昌县永华高级中学,抚州-广昌县,04-21,本科/经验不限
高中英语教师,/jobs_view_763771.html,7-10W/年,广昌县永华高级中学,抚州-广昌县,04-21,本科/经验不限
高中英语教师,/jobs_view_591183.html,10-20K/月,深圳市优学联教育咨询有限公司,深圳-宝安区,04-21,本科/1年以上
高中英语教师(青年教师),/jobs_view_620581.html,10-20K/月,深圳市厚德书院,深圳-龙华区,04-21,硕士/2年以上
高中英语教师(骨干教师),/jobs_view_683997.html,15-18K/月,连云港市苏州外国语学校,连云港-连云区,04-21,本科/3年以上
高中英语教师(青年教师),/jobs_view_744992.html,10-20W/年,大庆市思凯乐高级中学有限公司,大庆-萨尔图区,04-21,本科/经验不限
高中英语教师(骨干教师),/jobs_view_745007.html,20-40W/年,大庆市思凯乐高级中学有限公司,大庆-萨尔图区,04-21,本科/6年以上
高中英语教师,/jobs_view_770664.html,5-10K/月,龙游航韩艺术培训有限公司,衢州-龙游县,04-21,本科/经验不限
高中英语教师(骨干教师),/jobs_view_574275.html,9-12K/月,上海市民办金苹果学校,上海-浦东新区,04-21,本科/6年以上
高中英语教师(青年教师),/jobs_view_759226.html,5-9K/月,西安南湖博苑综合职业高中,西安-灞桥区,04-21,本科/1年以上
高中英语教师,/jobs_view_437989.html,7-10W/年,济宁市嘉祥县萌山中学,济宁-嘉祥县,04-21,本科/3年以上
高中英语教师(高补部),/jobs_view_759512.html,8-11W/年,济宁市嘉祥县萌山中学,济宁-嘉祥县,04-21,本科/3年以上
高中英语教师,/jobs_view_761876.html,4-6K/月,湖南华航铁路科技技工学校,常德-澧县,04-21,大专/经验不限
高中英语教师(青年教师),/jobs_view_763298.html,6-12K/月,运城市河东一中,运城-盐湖区,04-21,本科/1年以上
高中英语教师(青年教师),/jobs_view_769487.html,7-14K/月,江苏启泰教育科技有限公司,徐州-睢宁县,04-21,本科/3年以上
高中英语教师(青年教师),/jobs_view_764144.html,7-14K/月,沈阳市沈河区博朗教育培训学校,沈阳-沈河区,04-21,本科/经验不限
国际部英语教师(青年教师),/jobs_view_175169.html,8-15K/月,苏州国裕外语学校,苏州-相城区,04-21,硕士/3年以上
高中英语教师,/jobs_view_111131.html,9-15K/月,苏州国裕外语学校,苏州-相城区,04-21,本科/8年以上
高中英语教师(应届生),/jobs_view_730743.html,7-14K/月,绍兴市上虞区材孜培训学校,绍兴-上虞区,04-21,本科/应届生
高中英语教师(骨干教师),/jobs_view_585303.html,20-40W/年,江门市新会区名冠实验学校,江门-新会区,04-21,本科/3年以上
高中英语教师(青年教师),/jobs_view_769050.html,3-5K/月,晋城北华学校,晋城-城区,04-21,本科/1年以上
高中英语教师,/jobs_view_756699.html,9-18K/月,上海市民办尚德实验学校（国际部）,上海-浦东新区,04-21,本科/2年以上
高中英语教师(国际部),/jobs_view_757068.html,10-20K/月,上海市民办尚德实验学校（国际部）,上海-浦东新区,04-21,硕士/2年以上
高中英语教师(骨干教师),/jobs_view_769173.html,7-9K/月,枫树岭实验学校,沈阳-沈北新区,04-21,本科/8年以上
高中英语教师(应届生),/jobs_view_769152.html,7-9K/月,枫树岭实验学校,沈阳-沈北新区,04-21,本科/经验不限
高中英语教师(青年教师),/jobs_view_769163.html,7-9K/月,枫树岭实验学校,沈阳-沈北新区,04-21,本科/3年以上
高中英语教师(青年教师),/jobs_view_769620.html,7-11K/月,行唐县玉城中学,石家庄-行唐县,04-21,本科/经验不限
高中英语班主任（雅思托福）,/jobs_view_653185.html,10-20K/月,北京市昌平区新学道临川学校（国际部）,北京-昌平区,04-21,本科/5年以上
高中英语教师(应届生),/jobs_view_690381.html,5-8K/月,邳州市艾山高级中学,徐州-邳州市,04-21,本科/应届生
高中英语教师,/jobs_view_714983.html,10-15W/年,邳州市艾山高级中学,徐州-邳州市,04-21,本科/1年以上
高中英语教师,/jobs_view_767850.html,8-16K/月,界首市育颖中学,阜阳-界首市,04-21,本科/经验不限
高中英语教师（优秀教师、骨干教师）,/jobs_view_767889.html,12-20W/年,滑县滑洲高级中学,安阳-滑县,04-21,本科/3年以上
高中英语教师（首席教师）,/jobs_view_767897.html,20-30W/年,滑县滑洲高级中学,安阳-滑县,04-21,本科/6年以上
高中英语教师（青年教师、应届生）,/jobs_view_767873.html,8-12W/年,滑县滑洲高级中学,安阳-滑县,04-21,本科/经验不限
高中英语教师（优秀教师薪资面议）,/jobs_view_764055.html,6-12W/年,新县育才实验学校,信阳-新县,04-21,本科/经验不限
高薪急聘英语教师(青年教师),/jobs_view_768042.html,8-12K/月,云南龙图教育信息咨询有限公司,昆明-盘龙区,04-21,本科/2年以上
高中英语教师,/jobs_view_737333.html,4-8K/月,沈阳市沈北新区凯迪教育培训中心,沈阳-沈北新区,04-21,本科/经验不限
高中英语教师(成熟教师),/jobs_view_703493.html,18-26W/年,云南西双版纳八壹高级中学,西双版纳-景洪市,04-21,本科/5年以上
高中英语教师(青年教师),/jobs_view_737087.html,20-40W/年,深圳市晟才高级中学,深圳-龙岗区,04-21,硕士/1年以上
高中英语教师,/jobs_view_339095.html,9-13K/月,珠海高新区青鸟北附实验学校,珠海-香洲区,04-21,本科/1年以上
高中英语,/jobs_view_550311.html,16-32K/月,汕尾市普宁华美实验学校,汕尾-陆丰市,04-21,本科/3年以上
英语教师(青年教师),/jobs_view_743359.html,5-8K/月,苏州市吴江区菁云学校,苏州-吴江区,04-21,本科/经验不限
高三艺考生英语教师,/jobs_view_742963.html,8-10K/月,长风教育,广州-番禺区,04-21,本科/经验不限
高中英语教师(青年教师),/jobs_view_160636.html,10-20W/年,太原北辰双语学校,太原-杏花岭区,04-21,本科/3年以上
高中英语教师,/jobs_view_712704.html,8-10K/月,济宁市任城区英才高级中学,济宁-任城区,04-21,本科/经验不限
高中英语教师,/jobs_view_614606.html,9-18W/年,义乌市正阳实验学校,金华-义乌市,04-21,本科/1年以上
高中英语教师(骨干教师),/jobs_view_623438.html,18-30W/年,义乌市正阳实验学校,金华-义乌市,04-21,本科/3年以上
高中英语教师(骨干教师),/jobs_view_770635.html,15-25W/年,长沙市德成学校,长沙-开福区,04-21,本科/5年以上
兼职高中英语教师(青年教师),/jobs_view_755610.html,250-350元/课时,浙江三联专修学院,杭州-西湖区,04-21,本科/3年以上
高中英语教师(名特教师、博士生),/jobs_view_755332.html,25-36W/年,永州市文宇高级中学,永州-宁远县,04-21,本科/10年以上
高中英语教师(骨干教师),/jobs_view_755342.html,18-25W/年,永州市文宇高级中学,永州-宁远县,04-21,本科/6年以上
高中英语教师(优秀教师),/jobs_view_755352.html,13-18W/年,永州市文宇高级中学,永州-宁远县,04-21,本科/3年以上
高中英语教师(合格教师),/jobs_view_755375.html,8-15W/年,永州市文宇高级中学,永州-宁远县,04-21,本科/1年以上
高中物理教师(高一),/jobs_view_739788.html,5-6K/月,衡阳市南岳区衡洲英语桥培训学校,衡阳-南岳区,04-21,本科/1年以上
高中数学教师(高一),/jobs_view_739773.html,5-6K/月,衡阳市南岳区衡洲英语桥培训学校,衡阳-南岳区,04-21,本科/1年以上
高中英语教师,/jobs_view_768560.html,6-8K/月,武汉康华中等职业艺术学校,武汉-新洲区,04-21,本科/经验不限
高中英语教师(应届生),/jobs_view_591483.html,6-10K/月,衡阳市博文高级中学,衡阳-石鼓区,04-21,本科/应届生
高中英语教师(成熟教师),/jobs_view_591494.html,6-12K/月,衡阳市博文高级中学,衡阳-石鼓区,04-21,本科/2年以上
高中英语教师(学科带头人),/jobs_view_607870.html,15-20W/年,上海爱立诚教育投资发展有限公司,上海-宝山区,04-21,本科/5年以上
高中英语教师(骨干教师-专家级名师),/jobs_view_653898.html,20-40W/年,上海爱立诚教育投资发展有限公司,上海-宝山区,04-21,本科/3年以上
高中英语教师(名优教师)(骨干教师),/jobs_view_757336.html,15-30W/年,京师荟成学校,惠州-博罗县,04-21,本科/3年以上
高中英语教师,/jobs_view_685473.html,16-30W/年,佛山市南海区英广实验学校,佛山-南海区,04-21,本科/经验不限
高中英语教师(骨干教师),/jobs_view_408867.html,6-10K/月,保定市宏利佳高级中学,保定-高阳县,04-21,本科/3年以上
高中英语教师(青年教师),/jobs_view_752368.html,10-15W/年,温州市沙城高级中学,温州-龙湾区,04-21,本科/1年以上
高中英语教师(骨干教师),/jobs_view_752370.html,15-30W/年,温州市沙城高级中学,温州-龙湾区,04-21,本科/5年以上
高中英语教师(青年教师),/jobs_view_770611.html,7-12W/年,南阳市卧龙区育才高级中学,南阳-卧龙区,04-21,本科/经验不限
高中英语教师,/jobs_view_738652.html,10-20W/年,洋县实验学校,汉中-洋县,04-21,本科/3年以上
高中英语教师(年薪10-30万),/jobs_view_770025.html,10-20W/年,福州三状元高级中学,福州-永泰县,04-21,本科/1年以上
雅思英语教师(青年教师),/jobs_view_731638.html,10-12W/年,广州市白云区云英实验学校,广州-白云区,04-21,本科/1年以上
高中英语教师(青年教师),/jobs_view_769387.html,8-15K/月,成都市龙泉驿区青苗学校,成都-龙泉驿区,04-21,本科/经验不限
高中英语教师(优秀在职教师),/jobs_view_769396.html,15-30K/月,成都市龙泉驿区青苗学校,成都-龙泉驿区,04-21,本科/3年以上
急聘初中/高中英语教师(青年教师),/jobs_view_486982.html,8-15K/月,厦门天下学堂教育咨询有限公司,厦门-思明区,04-21,本科/1年以上
高中英语教师(骨干教师),/jobs_view_770079.html,15-30W/年,新乡市金瀚学校,新乡-封丘县,04-21,本科/3年以上
高中英语教师(骨干教师),/jobs_view_747144.html,20-40W/年,湖南师大第二附属中学,湖南-长沙,04-21,本科/5年以上
高中英语教师(专家级名师薪资面议),/jobs_view_747160.html,25-40W/年,湖南师大第二附属中学,湖南-长沙,04-21,本科/10年以上
高中英语教师,/jobs_view_747130.html,12-20W/年,湖南师大第二附属中学,湖南-长沙,04-21,本科/1年以上
高中英语教师,/jobs_view_701929.html,15-30W/年,徐州华顿学校,徐州-云龙区,04-21,本科/1年以上
高中英语教师(青年教师),/jobs_view_692908.html,15-30W/年,四川雅安天立学校,雅安-雨城区,04-21,本科/1年以上
高中英语教师,/jobs_view_195648.html,8-15W/年,太原市金桥双语中学校,太原-小店区,04-21,本科/3年以上
高中英语教师(骨干教师),/jobs_view_769006.html,12-20W/年,江西万年博仁中学,上饶-万年县,04-21,本科/3年以上
高中英语教师(应届生),/jobs_view_768996.html,6-9W/年,江西万年博仁中学,上饶-万年县,04-21,本科/应届生
高中英语教师(青年教师),/jobs_view_331266.html,11-22W/年,佛山市萌茵实验学校,佛山-三水区,04-21,本科/1年以上
高中英语教师(骨干教师),/jobs_view_770575.html,13-23W/年,宜春天立学校,宜春-袁州区,04-21,本科/3年以上
高中英语,/jobs_view_685072.html,15-18K/月,南京汉开书院,南京-浦口区,04-21,本科/4年以上
高中英语教师(青年教师),/jobs_view_770559.html,13-18W/年,宜春天立学校,宜春-袁州区,04-21,本科/经验不限
高中英语教师(骨干教师),/jobs_view_590092.html,22-28W/年,东方明珠学校,广东-东莞,04-21,本科/6年以上
高中英语教师（优秀应届本、硕毕业生）,/jobs_view_590095.html,15-18W/年,东方明珠学校,广东-东莞,04-21,本科/应届生
高中英语教师(学科带头人),/jobs_view_590089.html,30-60W/年,东方明珠学校,广东-东莞,04-21,本科/9年以上
高中英语教师急聘1个(合格教师),/jobs_view_156788.html,15-18K/月,东方明珠学校,广东-东莞,04-21,本科/应届生
高中英语教师(应届生),/jobs_view_677066.html,10-12.5K/月,清远市博爱学校,清远-清城区,04-21,本科/应届生
高中英语教师(骨干教师),/jobs_view_677028.html,19-21W/年,清远市博爱学校,清远-清城区,04-21,本科/6年以上
高中英语教师,/jobs_view_656943.html,12-24W/年,连云港融盛双语学校,连云港-连云区,04-21,本科/5年以上
招优秀初高中英语教师(青年教师),/jobs_view_677480.html,6.5-13K/月,南通市崇川区华泽课外培训中心有限公司,南通-崇川区,04-21,本科/1年以上
高中英语教师(成熟教师),/jobs_view_726472.html,12-24W/年,贵州省长顺县文博高级中学,黔南州-长顺县,04-21,本科/2年以上
高中英语教师(成熟教师),/jobs_view_763255.html,15-20W/年,贵州省黎平县第七中学,黔东南州-黎平县,04-21,本科/3年以上
高中英语教师(青年教师),/jobs_view_763265.html,6-12W/年,贵州省黎平县第七中学,黔东南州-黎平县,04-21,本科/1年以上
高中英语教师(年薪20-50万),/jobs_view_766912.html,20-40W/年,武汉康礼高级中学,武汉-黄陂区,04-21,本科/9年以上
高中英语教师(年薪15-40万),/jobs_view_766900.html,15-30W/年,武汉康礼高级中学,武汉-黄陂区,04-21,本科/5年以上
高中英语教师,/jobs_view_580178.html,20-40W/年,金华市君华学校,金华-金东区,04-21,本科/1年以上
高中英语教师,/jobs_view_593763.html,15-30K/月,博睿特外国语学校,四川-乐山,04-21,本科/1年以上
英语教师(上海崇明）,/jobs_view_752065.html,10-15K/月,上海新纪元教育管理有限公司,上海-徐汇区,04-21,本科/经验不限
高中英语老师,/jobs_view_308071.html,8-13W/年,鄱阳县私立博文中学,上饶-鄱阳县,04-21,本科/应届生
高中英语教师,/jobs_view_711989.html,6-12K/月,大理市海东育英实验学校,大理-大理市,04-21,本科/3年以上
高中英语教师(青年教师),/jobs_view_626025.html,7-12K/月,大理市海东育英实验学校,大理-大理市,04-21,本科/1年以上
高中英语教师(学科带头人),/jobs_view_680549.html,12-20K/月,大理市海东育英实验学校,大理-大理市,04-21,本科/4年以上
高中英语教师(青年教师),/jobs_view_706512.html,8-15W/年,鹰潭市余江区双语实验学校,鹰潭-余江区,04-21,本科/1年以上
高中英语教师(骨干教师),/jobs_view_706531.html,12-20W/年,鹰潭市余江区双语实验学校,鹰潭-余江区,04-21,本科/3年以上
高中英语老师(骨干教师),/jobs_view_382440.html,30-50W/年,义乌市群星外国语学校,金华-义乌市,04-21,本科/3年以上
高中英语教师(应届生),/jobs_view_54025.html,12-20W/年,福建宏翔高级中学,宁德-霞浦县,04-21,本科/应届生
高中英语教师(青年教师),/jobs_view_598281.html,12-20W/年,福建宏翔高级中学,宁德-霞浦县,04-21,本科/3年以上
高中 英语教师(应届生),/jobs_view_687937.html,12-20W/年,福建宏翔高级中学,宁德-霞浦县,04-21,本科/应届生
高中 英语教师(青年教师),/jobs_view_687944.html,12-20W/年,福建宏翔高级中学,宁德-霞浦县,04-21,本科/3年以上
高中英语教师(骨干教师),/jobs_view_704662.html,15-26W/年,怀化市辰溪博雅实验学校,怀化-辰溪县,04-21,本科/6年以上
高中英语教师(骨干教师),/jobs_view_744274.html,12-24W/年,化州青鸟实验学校,茂名-化州市,04-21,本科/3年以上
高中英语教师(江苏常州),/jobs_view_757984.html,12-24K/月,万行猎头语言类教师岗,江苏-常州,04-21,本科/5年以上
高中英语教师(衢州),/jobs_view_749631.html,25-35W/年,万行猎头语言类教师岗,衢州-柯城区,04-21,本科/经验不限
高中英语教师,/jobs_view_765008.html,10-20W/年,洪洞新博学职业学校,临汾-洪洞县,04-21,大专/3年以上
高中英语教师(学校),/jobs_view_728246.html,7-14W/年,东莞学大信息技术有限公司,广东-东莞,04-21,本科/1年以上
兼职高中英语教师(青年教师),/jobs_view_710910.html,80-150元/课时,东莞学大信息技术有限公司,广东-东莞,04-21,本科/1年以上
高中英语教师（年薪10-30万）,/jobs_view_692367.html,10-20W/年,杭州仁和实验学校,杭州-西湖区,04-21,本科/3年以上
高中英语骨干教师(年薪15-35w),/jobs_view_677292.html,15-30W/年,龙岩市新罗区博雅高级中学,龙岩-新罗区,04-21,本科/6年以上
高中英语应届、经验教师(6-20w),/jobs_view_678379.html,10-20W/年,龙岩市新罗区博雅高级中学,龙岩-新罗区,04-21,本科/1年以上
高中英语教师(青年教师),/jobs_view_690770.html,7-12K/月,珠海市新盈中等职业学校,珠海-斗门区,04-21,本科/经验不限
高中优秀英语教师,/jobs_view_323049.html,25-35W/年,杭州市临平区树兰实验学校,杭州-临平区,04-21,本科/应届生
高中英语教师,/jobs_view_601232.html,8-13W/年,山东省曹县博雅中学,菏泽-曹县,04-21,本科/3年以上
高中英语教师(骨干教师),/jobs_view_601260.html,10-13W/年,山东省曹县博雅中学,菏泽-曹县,04-21,本科/3年以上
高中英语教师(应届生),/jobs_view_601202.html,6-8W/年,山东省曹县博雅中学,菏泽-曹县,04-21,本科/应届生
高中英语教师(合格教师),/jobs_view_748038.html,17-25W/年,湖南省慈利县银澧学校,张家界-慈利县,04-21,本科/3年以上
高中英语教师(骨干教师),/jobs_view_748031.html,20-35W/年,湖南省慈利县银澧学校,张家界-慈利县,04-21,本科/3年以上
高中英语教师(骨干教师、学科带头人),/jobs_view_684053.html,25-35W/年,惠东县综合实验学校,惠州-惠东县,04-21,本科/3年以上
高中英语教师(优秀在职),/jobs_view_684043.html,14-23W/年,惠东县综合实验学校,惠州-惠东县,04-21,本科/3年以上
高中英语教师(应届生),/jobs_view_684033.html,12-14W/年,惠东县综合实验学校,惠州-惠东县,04-21,本科/应届生
高中英语教师,/jobs_view_357939.html,18-30W/年,肇庆市凤凰三立学校,肇庆-鼎湖区,04-21,本科/1年以上
高中英语教师（骨干教师）,/jobs_view_755024.html,20-25W/年,华威教育投资有限公司,福州-仓山区,04-21,本科/10年以上
高中英语教师,/jobs_view_475932.html,9-16W/年,湖南省郴州市永兴县童星学校,郴州-永兴县,04-21,本科/1年以上
高中英语教师(应届生),/jobs_view_595781.html,7-9K/月,湖南省郴州市永兴县童星学校,郴州-永兴县,04-21,本科/应届生
高中英语教师(骨干教师),/jobs_view_707806.html,12W/年,武强县璐德艺术中学,衡水-武强县,04-21,本科/3年以上
高中英语教师(青年教师),/jobs_view_707802.html,4-8K/月,武强县璐德艺术中学,衡水-武强县,04-21,本科/1年以上
高中英语教师,/jobs_view_321317.html,8-15W/年,钟祥天有实验学校,荆门-钟祥市,04-21,本科/经验不限
高中英语教师(青年教师),/jobs_view_769281.html,10-15K/月,上海民办华曜宝山实验学校,上海-宝山区,04-21,本科/3年以上
国际部高中英语教师,/jobs_view_625057.html,10-15K/月,上海民办华曜宝山实验学校,上海-宝山区,04-21,本科/1年以上
高中英语教师(青年教师),/jobs_view_752032.html,16-30W/年,福建省杭二中树兰教育科技有限责任公司,泉州-石狮市,04-21,本科/经验不限
高中英语教师(应届生),/jobs_view_650180.html,7-12W/年,宿迁北附同文实验学校,宿迁-宿豫区,04-21,硕士/应届生
高中英语教师,/jobs_view_650201.html,15-30W/年,宿迁北附同文实验学校,宿迁-宿豫区,04-21,本科/应届生
高中英语,/jobs_view_749227.html,12-22W/年,郴州市五雅高级中学,郴州-北湖区,04-21,本科/3年以上
高中英语教师(骨干教师),/jobs_view_659695.html,10-18K/月,深圳城院教育培训中心有限公司,深圳-福田区,04-21,本科/3年以上
高中英语教师(骨干教师),/jobs_view_707973.html,8-15K/月,杭州希望专修学校,杭州-富阳区,04-21,本科/3年以上
学术英语教师(青年教师),/jobs_view_677115.html,8-12K/月,帝威国际文化产业(广州)有限公司,广州-黄埔区,04-21,本科/应届生
基础英语教师(青年教师),/jobs_view_677114.html,8-10K/月,帝威国际文化产业(广州)有限公司,广州-黄埔区,04-21,本科/应届生
高中英语教师(青年教师),/jobs_view_691415.html,10-15W/年,帝威国际文化产业(广州)有限公司,广州-黄埔区,04-21,本科/应届生
高中英语教师(青年教师),/jobs_view_748911.html,10-20K/月,广州华成理工职业技术学校,广州-天河区,04-21,本科/3年以上
高中英语教师(骨干教师),/jobs_view_753346.html,8-15K/月,九江市浔阳区至诚教育培训学校有限公司,九江-浔阳区,04-21,本科/经验不限
8-12K诚聘英语教师,/jobs_view_753731.html,8-12K/月,九江市浔阳区恒久维学教育培训学校有限公司,九江-浔阳区,04-21,本科/经验不限
高中英语教师(骨干教师),/jobs_view_755460.html,18-30W/年,眉山冠城七中实验学校,眉山-东坡区,04-21,本科/经验不限
高中英语教师,/jobs_view_222983.html,11-18W/年,太原新希望双语学校,太原-阳曲县,04-21,本科/3年以上
